sku_id,on_hand_units,reorder_point,safety_stock,on_order_units,lead_time_days,date
SKU00001,215,100,33,0,14,2026-08-15
SKU00002,0,882,324,0,14,2026-08-15
SKU00003,414,250,85,0,14,2026-08-15
SKU00004,148,99,35,0,14,2026-08-15
SKU00005,411,284,104,0,14,2026-08-15
SKU00006,621,324,130,0,14,2026-08-15
SKU00007,87,163,54,0,14,2026-08-15
SKU00009,85,154,39,0,14,2026-08-15
SKU00011,3,35,17,0,14,2026-08-15
SKU00013,314,145,55,0,14,2026-08-15
SKU00014,33,76,17,0,14,2026-08-15
SKU00015,79,28,12,0,14,2026-08-15
SKU00016,106,56,22,0,14,2026-08-15
SKU00017,77,55,19,0,14,2026-08-15
SKU00018,148,188,55,0,14,2026-08-15
SKU00019,120,86,40,0,14,2026-08-15
SKU00020,0,760,284,0,14,2026-08-15
SKU00021,252,111,43,0,14,2026-08-15
SKU00023,20,39,13,0,14,2026-08-15
SKU00024,6453,1467,490,0,14,2026-08-15
SKU00025,213,169,57,0,14,2026-08-15
SKU00026,81,51,24,0,14,2026-08-15
SKU00027,204,113,39,0,14,2026-08-15
SKU00028,371,247,76,0,14,2026-08-15
SKU00030,82,105,44,0,14,2026-08-15
SKU00031,508,270,76,0,14,2026-08-15
SKU00032,112,184,63,0,14,2026-08-15
SKU00033,136,64,18,0,14,2026-08-15
SKU00034,136,113,49,0,14,2026-08-15
SKU00035,594,298,113,0,14,2026-08-15
SKU00036,134,85,25,0,14,2026-08-15
SKU00037,334,143,61,0,14,2026-08-15
SKU00038,18,49,24,0,14,2026-08-15
SKU00039,290,179,56,0,14,2026-08-15
SKU00040,101,84,35,0,14,2026-08-15
SKU00041,123,115,46,0,14,2026-08-15
SKU00043,107,68,26,0,14,2026-08-15
SKU00044,316,135,50,0,14,2026-08-15
SKU00045,90,109,40,0,14,2026-08-15
SKU00046,324,244,97,0,14,2026-08-15
SKU00047,291,160,67,0,14,2026-08-15
SKU00048,332,173,82,0,14,2026-08-15
SKU00049,50,35,7,0,14,2026-08-15
SKU00050,48,664,209,0,14,2026-08-15
SKU00051,123,71,24,0,14,2026-08-15
SKU00052,5399,1299,466,0,14,2026-08-15
SKU00053,60,27,9,0,14,2026-08-15
SKU00056,113,189,59,0,14,2026-08-15
SKU00057,30,31,15,0,14,2026-08-15
SKU00058,149,93,29,0,14,2026-08-15
SKU00059,601,233,53,0,14,2026-08-15
SKU00060,253,148,49,0,14,2026-08-15
SKU00061,296,177,68,0,14,2026-08-15
SKU00062,272,967,323,0,14,2026-08-15
SKU00063,84,82,39,0,14,2026-08-15
SKU00064,409,269,81,0,14,2026-08-15
SKU00065,215,76,33,0,14,2026-08-15
SKU00066,4837,1048,384,0,14,2026-08-15
SKU00067,204,140,55,0,14,2026-08-15
SKU00068,8,99,39,0,14,2026-08-15
SKU00069,403,255,72,0,14,2026-08-15
SKU00070,378,193,67,0,14,2026-08-15
SKU00071,285,142,42,0,14,2026-08-15
SKU00073,126,60,22,0,14,2026-08-15
SKU00074,88,74,22,0,14,2026-08-15
SKU00075,5552,1274,465,0,14,2026-08-15
SKU00076,153,138,42,0,14,2026-08-15
SKU00077,206,195,56,0,14,2026-08-15
SKU00078,69,30,14,0,14,2026-08-15
SKU00079,138,806,274,0,14,2026-08-15
SKU00080,1,43,16,0,14,2026-08-15
SKU00081,276,117,55,0,14,2026-08-15
SKU00082,175,113,45,0,14,2026-08-15
SKU00083,208,116,46,0,14,2026-08-15
SKU00084,39,108,33,0,14,2026-08-15
SKU00085,308,167,51,0,14,2026-08-15
SKU00086,230,224,100,0,14,2026-08-15
SKU00087,28,77,27,0,14,2026-08-15
SKU00090,7868,1737,598,0,14,2026-08-15
SKU00091,260,137,47,0,14,2026-08-15
SKU00092,137,115,34,0,14,2026-08-15
SKU00093,276,158,49,0,14,2026-08-15
SKU00094,88,73,24,0,14,2026-08-15
SKU00095,98,77,25,0,14,2026-08-15
SKU00096,127,76,24,0,14,2026-08-15
SKU00097,377,172,63,0,14,2026-08-15
SKU00098,224,83,20,0,14,2026-08-15
SKU00099,18,77,34,0,14,2026-08-15
SKU00100,177,116,55,0,14,2026-08-15
SKU00102,131,130,57,0,14,2026-08-15
SKU00103,294,176,51,0,14,2026-08-15
SKU00104,299,137,54,0,14,2026-08-15
SKU00105,296,124,26,0,14,2026-08-15
SKU00106,436,327,136,0,14,2026-08-15
SKU00107,278,240,88,0,14,2026-08-15
SKU00108,277,192,67,0,14,2026-08-15
SKU00110,134,83,25,0,14,2026-08-15
SKU00111,442,191,71,0,14,2026-08-15
SKU00112,377,194,49,0,14,2026-08-15
SKU00113,230,145,53,0,14,2026-08-15
SKU00114,96,123,37,0,14,2026-08-15
SKU00115,336,250,71,0,14,2026-08-15
SKU00116,10,41,11,0,14,2026-08-15
SKU00117,278,191,74,0,14,2026-08-15
SKU00118,351,159,53,0,14,2026-08-15
SKU00119,5,22,11,0,14,2026-08-15
SKU00120,252,180,49,0,14,2026-08-15
SKU00122,98,160,46,0,14,2026-08-15
SKU00123,231,128,54,0,14,2026-08-15
SKU00124,15,27,13,0,14,2026-08-15
SKU00125,186,98,31,0,14,2026-08-15
SKU00126,140,143,47,0,14,2026-08-15
SKU00127,4986,1188,404,0,14,2026-08-15
SKU00128,124,53,25,0,14,2026-08-15
SKU00129,83,47,17,0,14,2026-08-15
SKU00130,225,123,49,0,14,2026-08-15
SKU00131,261,140,57,0,14,2026-08-15
SKU00133,365,133,52,0,14,2026-08-15
SKU00134,209,184,63,0,14,2026-08-15
SKU00135,218,265,111,0,14,2026-08-15
SKU00136,112,57,26,0,14,2026-08-15
SKU00137,156,68,20,0,14,2026-08-15
SKU00138,495,315,106,0,14,2026-08-15
SKU00140,112,63,18,0,14,2026-08-15
SKU00141,133,120,40,0,14,2026-08-15
SKU00142,179,178,46,0,14,2026-08-15
SKU00143,79,44,17,0,14,2026-08-15
SKU00144,165,95,32,0,14,2026-08-15
SKU00145,86,57,20,0,14,2026-08-15
SKU00146,381,230,56,0,14,2026-08-15
SKU00147,14,43,17,0,14,2026-08-15
SKU00149,87,40,9,0,14,2026-08-15
SKU00150,4618,971,330,0,14,2026-08-15
SKU00151,261,89,22,0,14,2026-08-15
SKU00153,174,103,32,0,14,2026-08-15
SKU00154,46,41,12,0,14,2026-08-15
SKU00155,7407,1674,608,0,14,2026-08-15
SKU00156,171,159,36,0,14,2026-08-15
SKU00157,321,208,68,0,14,2026-08-15
SKU00159,400,165,44,0,14,2026-08-15
SKU00160,76,46,14,0,14,2026-08-15
SKU00161,52,27,10,0,14,2026-08-15
SKU00162,84,57,20,0,14,2026-08-15
SKU00163,179,60,23,0,14,2026-08-15
SKU00166,167,90,39,0,14,2026-08-15
SKU00167,6662,1563,578,0,14,2026-08-15
SKU00168,52,93,27,0,14,2026-08-15
SKU00169,0,667,234,0,14,2026-08-15
SKU00170,7177,1634,561,0,14,2026-08-15
SKU00171,113,97,47,0,14,2026-08-15
SKU00173,84,32,9,0,14,2026-08-15
SKU00175,25,95,22,0,14,2026-08-15
SKU00177,54,734,280,0,14,2026-08-15
SKU00178,265,120,52,0,14,2026-08-15
SKU00179,237,169,44,0,14,2026-08-15
SKU00180,81,31,10,0,14,2026-08-15
SKU00181,633,380,108,0,14,2026-08-15
SKU00182,212,216,84,0,14,2026-08-15
SKU00183,84,73,36,0,14,2026-08-15
SKU00184,96,33,15,0,14,2026-08-15
SKU00185,398,175,76,0,14,2026-08-15
SKU00186,4390,994,324,0,14,2026-08-15
SKU00188,101,52,15,0,14,2026-08-15
SKU00189,103,86,32,0,14,2026-08-15
SKU00190,0,931,313,0,14,2026-08-15
SKU00191,73,108,37,0,14,2026-08-15
SKU00192,207,130,39,0,14,2026-08-15
SKU00193,79,73,15,0,14,2026-08-15
SKU00194,20,40,9,0,14,2026-08-15
SKU00195,595,344,136,0,14,2026-08-15
SKU00196,148,100,35,0,14,2026-08-15
SKU00197,171,79,38,0,14,2026-08-15
SKU00198,537,271,102,0,14,2026-08-15
SKU00199,62,39,12,0,14,2026-08-15
SKU00200,317,234,91,0,14,2026-08-15
SKU00201,376,180,73,0,14,2026-08-15
SKU00202,314,174,63,0,14,2026-08-15
SKU00203,93,81,25,0,14,2026-08-15
SKU00204,20,31,15,0,14,2026-08-15
SKU00205,45,59,13,0,14,2026-08-15
SKU00206,185,63,29,0,14,2026-08-15
SKU00209,89,96,23,0,14,2026-08-15
SKU00210,169,149,52,0,14,2026-08-15
SKU00212,61,46,15,0,14,2026-08-15
SKU00213,100,67,25,0,14,2026-08-15
SKU00214,116,146,49,0,14,2026-08-15
SKU00215,352,212,68,0,14,2026-08-15
SKU00216,374,204,71,0,14,2026-08-15
SKU00218,450,284,99,0,14,2026-08-15
SKU00219,262,92,29,0,14,2026-08-15
SKU00220,313,157,46,0,14,2026-08-15
SKU00221,304,297,113,0,14,2026-08-15
SKU00222,25,35,16,0,14,2026-08-15
SKU00223,286,129,42,0,14,2026-08-15
SKU00224,554,266,119,0,14,2026-08-15
SKU00225,305,239,88,0,14,2026-08-15
SKU00226,365,275,91,0,14,2026-08-15
SKU00227,374,237,72,0,14,2026-08-15
SKU00228,495,180,62,0,14,2026-08-15
SKU00229,51,21,5,0,14,2026-08-15
SKU00230,163,128,39,0,14,2026-08-15
SKU00231,94,86,34,0,14,2026-08-15
SKU00232,260,159,57,0,14,2026-08-15
SKU00233,123,200,78,0,14,2026-08-15
SKU00234,70,61,21,0,14,2026-08-15
SKU00235,161,124,46,0,14,2026-08-15
SKU00236,226,115,34,0,14,2026-08-15
SKU00237,5621,1258,412,0,14,2026-08-15
SKU00238,96,99,44,0,14,2026-08-15
SKU00239,525,220,63,0,14,2026-08-15
SKU00240,7712,1749,586,0,14,2026-08-15
SKU00241,141,67,16,0,14,2026-08-15
SKU00242,563,466,150,0,14,2026-08-15
SKU00243,53,28,8,0,14,2026-08-15
SKU00244,306,244,94,0,14,2026-08-15
SKU00245,79,171,48,0,14,2026-08-15
SKU00246,128,79,26,0,14,2026-08-15
SKU00247,482,271,92,0,14,2026-08-15
SKU00248,409,162,53,0,14,2026-08-15
SKU00249,348,191,67,0,14,2026-08-15
SKU00251,6107,1421,432,0,14,2026-08-15
SKU00252,363,239,104,0,14,2026-08-15
SKU00253,87,129,49,0,14,2026-08-15
SKU00254,79,752,249,0,14,2026-08-15
SKU00255,92,139,45,0,14,2026-08-15
SKU00256,114,70,18,0,14,2026-08-15
SKU00259,542,220,57,0,14,2026-08-15
SKU00260,87,85,31,0,14,2026-08-15
SKU00262,3516,889,306,0,14,2026-08-15
SKU00263,110,678,249,0,14,2026-08-15
SKU00264,311,1155,414,0,14,2026-08-15
SKU00265,352,150,54,0,14,2026-08-15
SKU00266,147,196,84,0,14,2026-08-15
SKU00267,528,369,125,0,14,2026-08-15
SKU00268,101,68,18,0,14,2026-08-15
SKU00269,158,72,21,0,14,2026-08-15
SKU00270,178,60,13,0,14,2026-08-15
SKU00272,46,59,23,0,14,2026-08-15
SKU00273,204,180,63,0,14,2026-08-15
SKU00274,79,42,14,0,14,2026-08-15
SKU00275,58,142,64,0,14,2026-08-15
SKU00276,215,221,71,0,14,2026-08-15
SKU00277,90,156,42,0,14,2026-08-15
SKU00278,85,52,16,0,14,2026-08-15
SKU00279,76,59,13,0,14,2026-08-15
SKU00280,249,133,41,0,14,2026-08-15
SKU00283,521,307,109,0,14,2026-08-15
SKU00285,70,1032,365,0,14,2026-08-15
SKU00286,306,849,345,0,14,2026-08-15
SKU00287,191,68,31,0,14,2026-08-15
SKU00288,379,152,44,0,14,2026-08-15
SKU00289,292,297,103,0,14,2026-08-15
SKU00291,59,698,254,0,14,2026-08-15
SKU00292,263,136,37,0,14,2026-08-15
SKU00293,156,178,86,0,14,2026-08-15
SKU00294,253,203,84,0,14,2026-08-15
SKU00295,250,269,113,0,14,2026-08-15
SKU00296,487,174,72,0,14,2026-08-15
SKU00298,388,330,110,0,14,2026-08-15
SKU00299,115,57,21,0,14,2026-08-15
SKU00301,233,113,30,0,14,2026-08-15
SKU00302,331,234,69,0,14,2026-08-15
SKU00303,115,53,20,0,14,2026-08-15
SKU00304,31,21,5,0,14,2026-08-15
SKU00305,6489,1499,466,0,14,2026-08-15
SKU00306,201,217,64,0,14,2026-08-15
SKU00307,262,131,48,0,14,2026-08-15
SKU00308,328,231,57,0,14,2026-08-15
SKU00309,219,124,40,0,14,2026-08-15
SKU00310,223,125,36,0,14,2026-08-15
SKU00311,87,53,12,0,14,2026-08-15
SKU00312,257,183,73,0,14,2026-08-15
SKU00313,350,284,102,0,14,2026-08-15
SKU00314,25,60,26,0,14,2026-08-15
SKU00315,299,119,50,0,14,2026-08-15
SKU00316,276,205,65,0,14,2026-08-15
SKU00317,5501,1296,472,0,14,2026-08-15
SKU00318,333,188,68,0,14,2026-08-15
SKU00319,583,330,103,0,14,2026-08-15
SKU00320,53,98,48,0,14,2026-08-15
SKU00321,110,54,18,0,14,2026-08-15
SKU00322,95,73,26,0,14,2026-08-15
SKU00323,256,193,56,0,14,2026-08-15
SKU00324,419,212,81,0,14,2026-08-15
SKU00325,92,69,27,0,14,2026-08-15
SKU00326,162,75,23,0,14,2026-08-15
SKU00327,385,202,68,0,14,2026-08-15
SKU00328,72,1081,401,0,14,2026-08-15
SKU00330,4595,983,341,0,14,2026-08-15
SKU00331,7350,1598,537,0,14,2026-08-15
SKU00332,105,62,21,0,14,2026-08-15
SKU00333,574,329,109,0,14,2026-08-15
SKU00334,217,155,45,0,14,2026-08-15
SKU00335,287,183,57,0,14,2026-08-15
SKU00336,318,139,66,0,14,2026-08-15
SKU00337,265,178,54,0,14,2026-08-15
SKU00338,116,202,90,0,14,2026-08-15
SKU00339,311,176,76,0,14,2026-08-15
SKU00340,167,118,43,0,14,2026-08-15
SKU00342,4535,1075,381,0,14,2026-08-15
SKU00343,300,138,43,0,14,2026-08-15
SKU00344,435,172,57,0,14,2026-08-15
SKU00346,74,153,47,0,14,2026-08-15
SKU00347,234,236,77,0,14,2026-08-15
SKU00348,79,85,31,0,14,2026-08-15
SKU00349,133,215,73,0,14,2026-08-15
SKU00350,5108,1166,403,0,14,2026-08-15
SKU00351,317,320,117,0,14,2026-08-15
SKU00353,120,129,53,0,14,2026-08-15
SKU00354,6648,1492,524,0,14,2026-08-15
SKU00355,7523,1698,571,0,14,2026-08-15
SKU00356,221,78,26,0,14,2026-08-15
SKU00357,299,178,62,0,14,2026-08-15
SKU00358,115,41,11,0,14,2026-08-15
SKU00360,257,189,55,0,14,2026-08-15
SKU00361,303,239,81,0,14,2026-08-15
SKU00363,0,754,247,0,14,2026-08-15
SKU00364,339,161,50,0,14,2026-08-15
SKU00365,155,117,31,0,14,2026-08-15
SKU00366,47,76,22,0,14,2026-08-15
SKU00367,774,348,153,0,14,2026-08-15
SKU00368,186,170,60,0,14,2026-08-15
SKU00369,54,873,261,0,14,2026-08-15
SKU00371,6045,1388,474,0,14,2026-08-15
SKU00372,57,68,22,0,14,2026-08-15
SKU00373,133,66,28,0,14,2026-08-15
SKU00374,69,118,28,0,14,2026-08-15
SKU00375,255,218,80,0,14,2026-08-15
SKU00376,76,972,313,0,14,2026-08-15
SKU00377,557,250,78,0,14,2026-08-15
SKU00378,94,176,47,0,14,2026-08-15
SKU00379,75,43,10,0,14,2026-08-15
SKU00380,222,158,55,0,14,2026-08-15
SKU00381,214,226,82,0,14,2026-08-15
SKU00382,346,146,49,0,14,2026-08-15
SKU00383,181,83,39,0,14,2026-08-15
SKU00384,186,68,25,0,14,2026-08-15
SKU00385,5255,1209,404,0,14,2026-08-15
SKU00386,41,132,51,0,14,2026-08-15
SKU00387,89,43,9,0,14,2026-08-15
SKU00388,14,40,11,0,14,2026-08-15
SKU00389,7439,1697,593,0,14,2026-08-15
SKU00390,73,36,8,0,14,2026-08-15
SKU00391,538,250,71,0,14,2026-08-15
SKU00393,340,188,77,0,14,2026-08-15
SKU00394,70,51,15,0,14,2026-08-15
SKU00395,144,128,41,0,14,2026-08-15
SKU00396,111,45,16,0,14,2026-08-15
SKU00397,355,160,60,0,14,2026-08-15
SKU00398,179,92,37,0,14,2026-08-15
SKU00400,300,144,54,0,14,2026-08-15
SKU00401,6600,1434,489,0,14,2026-08-15
SKU00402,199,172,56,0,14,2026-08-15
SKU00403,371,259,96,0,14,2026-08-15
SKU00404,131,92,45,0,14,2026-08-15
SKU00405,326,221,74,0,14,2026-08-15
SKU00407,248,165,46,0,14,2026-08-15
SKU00408,246,147,40,0,14,2026-08-15
SKU00409,166,129,48,0,14,2026-08-15
SKU00410,64,148,65,0,14,2026-08-15
SKU00411,502,280,82,0,14,2026-08-15
SKU00413,84,73,31,0,14,2026-08-15
SKU00414,81,53,12,0,14,2026-08-15
SKU00415,227,145,42,0,14,2026-08-15
SKU00416,0,971,378,0,14,2026-08-15
SKU00417,122,85,17,0,14,2026-08-15
SKU00418,409,178,61,0,14,2026-08-15
SKU00419,143,106,37,0,14,2026-08-15
SKU00420,358,224,92,0,14,2026-08-15
SKU00421,4911,1285,442,0,14,2026-08-15
SKU00423,173,179,46,0,14,2026-08-15
SKU00424,93,117,39,0,14,2026-08-15
SKU00426,215,263,83,0,14,2026-08-15
SKU00427,73,148,44,0,14,2026-08-15
SKU00428,367,210,82,0,14,2026-08-15
SKU00429,84,52,11,0,14,2026-08-15
SKU00430,90,137,45,0,14,2026-08-15
SKU00431,52,53,12,0,14,2026-08-15
SKU00432,425,176,57,0,14,2026-08-15
SKU00434,114,54,16,0,14,2026-08-15
SKU00436,77,128,38,0,14,2026-08-15
SKU00437,116,151,49,0,14,2026-08-15
SKU00438,447,216,103,0,14,2026-08-15
SKU00439,236,135,40,0,14,2026-08-15
SKU00440,100,113,37,0,14,2026-08-15
SKU00441,191,77,37,0,14,2026-08-15
SKU00442,368,154,35,0,14,2026-08-15
SKU00443,326,157,57,0,14,2026-08-15
SKU00444,124,69,29,0,14,2026-08-15
SKU00445,142,884,342,0,14,2026-08-15
SKU00446,274,178,47,0,14,2026-08-15
SKU00448,257,94,33,0,14,2026-08-15
SKU00449,4968,1264,520,0,14,2026-08-15
SKU00450,146,224,94,0,14,2026-08-15
SKU00451,208,83,39,0,14,2026-08-15
SKU00452,272,155,57,0,14,2026-08-15
SKU00453,98,104,26,0,14,2026-08-15
SKU00454,527,231,76,0,14,2026-08-15
SKU00455,60,36,17,0,14,2026-08-15
SKU00456,1,22,10,0,14,2026-08-15
SKU00457,171,214,84,0,14,2026-08-15
SKU00458,140,162,68,0,14,2026-08-15
SKU00460,125,100,20,0,14,2026-08-15
SKU00461,340,156,46,0,14,2026-08-15
SKU00462,3771,898,317,0,14,2026-08-15
SKU00463,53,33,12,0,14,2026-08-15
SKU00464,95,35,10,0,14,2026-08-15
SKU00465,41,22,7,0,14,2026-08-15
SKU00466,3868,873,308,0,14,2026-08-15
SKU00467,63,28,12,0,14,2026-08-15
SKU00469,223,147,66,0,14,2026-08-15
SKU00471,13,43,16,0,14,2026-08-15
SKU00472,72,76,31,0,14,2026-08-15
SKU00473,73,35,16,0,14,2026-08-15
SKU00474,102,123,50,0,14,2026-08-15
SKU00475,48,23,8,0,14,2026-08-15
SKU00476,428,151,61,0,14,2026-08-15
SKU00477,217,81,25,0,14,2026-08-15
SKU00478,157,145,63,0,14,2026-08-15
SKU00479,57,22,5,0,14,2026-08-15
SKU00480,47,42,13,0,14,2026-08-15
SKU00481,0,37,11,0,14,2026-08-15
SKU00482,14,22,5,0,14,2026-08-15
SKU00484,46,717,229,0,14,2026-08-15
SKU00485,174,69,21,0,14,2026-08-15
SKU00486,212,80,23,0,14,2026-08-15
SKU00487,199,156,49,0,14,2026-08-15
SKU00488,334,234,86,0,14,2026-08-15
SKU00489,82,64,20,0,14,2026-08-15
SKU00490,369,229,81,0,14,2026-08-15
SKU00491,393,269,58,0,14,2026-08-15
SKU00492,211,198,84,0,14,2026-08-15
SKU00493,724,334,125,0,14,2026-08-15
SKU00494,176,199,67,0,14,2026-08-15
SKU00495,59,24,7,0,14,2026-08-15
SKU00496,93,71,21,0,14,2026-08-15
SKU00497,239,94,25,0,14,2026-08-15
SKU00498,7607,1657,536,0,14,2026-08-15
SKU00499,277,106,32,0,14,2026-08-15
SKU00500,100,1077,388,0,14,2026-08-15
SKU00501,4631,1027,351,0,14,2026-08-15
SKU00502,573,292,79,0,14,2026-08-15
SKU00503,40,36,11,0,14,2026-08-15
SKU00504,404,263,100,0,14,2026-08-15
SKU00506,102,717,219,0,14,2026-08-15
SKU00507,3971,970,308,0,14,2026-08-15
SKU00508,28,28,9,0,14,2026-08-15
SKU00509,489,266,64,0,14,2026-08-15
SKU00510,81,139,44,0,14,2026-08-15
SKU00511,367,225,63,0,14,2026-08-15
SKU00512,166,59,27,0,14,2026-08-15
SKU00513,127,76,22,0,14,2026-08-15
SKU00516,6036,1410,441,0,14,2026-08-15
SKU00517,191,105,29,0,14,2026-08-15
SKU00519,387,148,40,0,14,2026-08-15
SKU00520,104,84,36,0,14,2026-08-15
SKU00521,4077,976,321,0,14,2026-08-15
SKU00522,79,66,31,0,14,2026-08-15
SKU00523,605,319,89,0,14,2026-08-15
SKU00524,6970,1567,518,0,14,2026-08-15
SKU00525,157,81,25,0,14,2026-08-15
SKU00526,241,127,29,0,14,2026-08-15
SKU00527,447,233,61,0,14,2026-08-15
SKU00528,246,88,27,0,14,2026-08-15
SKU00529,160,226,80,0,14,2026-08-15
SKU00530,350,211,66,0,14,2026-08-15
SKU00531,67,986,370,0,14,2026-08-15
SKU00532,5793,1252,430,0,14,2026-08-15
SKU00533,164,64,22,0,14,2026-08-15
SKU00534,219,329,104,0,14,2026-08-15
SKU00535,6972,1557,594,0,14,2026-08-15
SKU00536,199,83,25,0,14,2026-08-15
SKU00537,45,63,31,0,14,2026-08-15
SKU00538,104,782,236,0,14,2026-08-15
SKU00539,72,973,346,0,14,2026-08-15
SKU00540,129,69,33,0,14,2026-08-15
SKU00542,703,470,177,0,14,2026-08-15
SKU00543,212,85,19,0,14,2026-08-15
SKU00544,65,79,17,0,14,2026-08-15
SKU00545,408,299,105,0,14,2026-08-15
SKU00546,6356,1437,479,0,14,2026-08-15
SKU00547,117,75,33,0,14,2026-08-15
SKU00550,8071,1752,582,0,14,2026-08-15
SKU00551,4211,919,333,0,14,2026-08-15
SKU00553,6073,1343,462,0,14,2026-08-15
SKU00554,2,49,23,0,14,2026-08-15
SKU00555,268,115,42,0,14,2026-08-15
SKU00556,109,92,41,0,14,2026-08-15
SKU00558,141,118,52,0,14,2026-08-15
SKU00559,143,126,54,0,14,2026-08-15
SKU00560,76,96,35,0,14,2026-08-15
SKU00562,94,72,23,0,14,2026-08-15
SKU00563,175,93,43,0,14,2026-08-15
SKU00565,294,103,36,0,14,2026-08-15
SKU00566,121,140,46,0,14,2026-08-15
SKU00567,22,62,17,0,14,2026-08-15
SKU00568,465,212,88,0,14,2026-08-15
SKU00569,14,39,13,0,14,2026-08-15
SKU00570,318,119,47,0,14,2026-08-15
SKU00571,4709,1059,387,0,14,2026-08-15
SKU00572,258,110,24,0,14,2026-08-15
SKU00573,83,39,12,0,14,2026-08-15
SKU00574,6397,1449,484,0,14,2026-08-15
SKU00575,107,64,26,0,14,2026-08-15
SKU00576,11,100,50,0,14,2026-08-15
SKU00577,198,92,27,0,14,2026-08-15
SKU00578,130,94,42,0,14,2026-08-15
SKU00580,291,161,35,0,14,2026-08-15
SKU00581,430,282,99,0,14,2026-08-15
SKU00582,15,27,12,0,14,2026-08-15
SKU00583,128,165,60,0,14,2026-08-15
SKU00584,4501,1199,397,0,14,2026-08-15
SKU00585,128,83,30,0,14,2026-08-15
SKU00586,89,144,58,0,14,2026-08-15
SKU00588,76,89,41,0,14,2026-08-15
SKU00589,5724,1308,504,0,14,2026-08-15
SKU00590,198,117,26,0,14,2026-08-15
SKU00591,228,174,56,0,14,2026-08-15
SKU00592,4847,1187,400,0,14,2026-08-15
SKU00593,62,94,27,0,14,2026-08-15
SKU00594,36,98,22,0,14,2026-08-15
SKU00595,357,142,51,0,14,2026-08-15
SKU00596,143,154,71,0,14,2026-08-15
SKU00597,190,230,66,0,14,2026-08-15
SKU00599,358,161,62,0,14,2026-08-15
SKU00601,26,46,22,0,14,2026-08-15
SKU00602,60,97,45,0,14,2026-08-15
SKU00603,240,120,44,0,14,2026-08-15
SKU00604,147,72,20,0,14,2026-08-15
SKU00605,584,345,118,0,14,2026-08-15
SKU00606,593,444,180,0,14,2026-08-15
SKU00607,73,126,34,0,14,2026-08-15
SKU00608,3196,713,265,0,14,2026-08-15
SKU00609,37,75,27,0,14,2026-08-15
SKU00610,178,93,28,0,14,2026-08-15
SKU00611,255,204,65,0,14,2026-08-15
SKU00612,29,34,8,0,14,2026-08-15
SKU00613,261,183,65,0,14,2026-08-15
SKU00614,257,166,50,0,14,2026-08-15
SKU00615,166,197,74,0,14,2026-08-15
SKU00616,78,53,17,0,14,2026-08-15
SKU00617,107,66,20,0,14,2026-08-15
SKU00618,186,94,20,0,14,2026-08-15
SKU00619,411,177,52,0,14,2026-08-15
SKU00620,366,214,77,0,14,2026-08-15
SKU00621,257,310,111,0,14,2026-08-15
SKU00622,179,140,63,0,14,2026-08-15
SKU00623,27,30,6,0,14,2026-08-15
SKU00624,204,161,59,0,14,2026-08-15
SKU00625,197,217,72,0,14,2026-08-15
SKU00626,54,26,6,0,14,2026-08-15
SKU00628,42,594,193,0,14,2026-08-15
SKU00629,284,293,106,0,14,2026-08-15
SKU00630,87,45,11,0,14,2026-08-15
SKU00631,4440,1043,395,0,14,2026-08-15
SKU00632,282,186,67,0,14,2026-08-15
SKU00633,705,392,102,0,14,2026-08-15
SKU00634,208,85,26,0,14,2026-08-15
SKU00635,386,255,87,0,14,2026-08-15
SKU00637,132,88,39,0,14,2026-08-15
SKU00638,5795,1223,400,0,14,2026-08-15
SKU00639,83,71,30,0,14,2026-08-15
SKU00641,267,108,31,0,14,2026-08-15
SKU00642,64,40,12,0,14,2026-08-15
SKU00643,268,277,89,0,14,2026-08-15
SKU00644,162,91,44,0,14,2026-08-15
SKU00645,7819,1712,622,0,14,2026-08-15
SKU00646,307,159,58,0,14,2026-08-15
SKU00647,107,66,17,0,14,2026-08-15
SKU00648,211,113,46,0,14,2026-08-15
SKU00649,8430,1842,669,0,14,2026-08-15
SKU00650,298,250,81,0,14,2026-08-15
SKU00651,69,41,16,0,14,2026-08-15
SKU00652,180,83,29,0,14,2026-08-15
SKU00653,40,25,6,0,14,2026-08-15
SKU00654,7221,1576,531,0,14,2026-08-15
SKU00655,22,54,21,0,14,2026-08-15
SKU00657,0,29,14,0,14,2026-08-15
SKU00660,3,34,11,0,14,2026-08-15
SKU00662,66,123,37,0,14,2026-08-15
SKU00664,9,49,19,0,14,2026-08-15
SKU00665,49,39,18,0,14,2026-08-15
SKU00666,17,65,32,0,14,2026-08-15
SKU00667,322,216,69,0,14,2026-08-15
SKU00668,144,104,33,0,14,2026-08-15
SKU00669,347,258,75,0,14,2026-08-15
SKU00670,145,153,57,0,14,2026-08-15
SKU00671,566,309,123,0,14,2026-08-15
SKU00672,129,77,35,0,14,2026-08-15
SKU00673,179,191,67,0,14,2026-08-15
SKU00674,333,160,60,0,14,2026-08-15
SKU00676,69,25,6,0,14,2026-08-15
SKU00677,394,380,120,0,14,2026-08-15
SKU00678,526,194,74,0,14,2026-08-15
SKU00679,4734,1050,346,0,14,2026-08-15
SKU00680,264,270,87,0,14,2026-08-15
SKU00681,139,134,38,0,14,2026-08-15
SKU00682,8021,1791,643,0,14,2026-08-15
SKU00683,78,45,19,0,14,2026-08-15
SKU00684,392,237,85,0,14,2026-08-15
SKU00685,244,204,73,0,14,2026-08-15
SKU00686,683,287,106,0,14,2026-08-15
SKU00687,60,149,58,0,14,2026-08-15
SKU00688,46,25,10,0,14,2026-08-15
SKU00690,115,94,44,0,14,2026-08-15
SKU00691,6181,1445,460,0,14,2026-08-15
SKU00692,0,533,168,0,14,2026-08-15
SKU00693,188,122,43,0,14,2026-08-15
SKU00694,0,28,10,0,14,2026-08-15
SKU00696,32,24,6,0,14,2026-08-15
SKU00697,260,160,71,0,14,2026-08-15
SKU00698,182,186,46,0,14,2026-08-15
SKU00699,4318,983,344,0,14,2026-08-15
SKU00700,18,68,23,0,14,2026-08-15
SKU00701,179,63,17,0,14,2026-08-15
SKU00702,324,174,52,0,14,2026-08-15
SKU00703,259,94,45,0,14,2026-08-15
SKU00704,226,256,83,0,14,2026-08-15
SKU00705,86,68,15,0,14,2026-08-15
SKU00706,364,228,82,0,14,2026-08-15
SKU00707,63,63,20,0,14,2026-08-15
SKU00708,144,85,34,0,14,2026-08-15
SKU00710,412,243,100,0,14,2026-08-15
SKU00711,213,143,48,0,14,2026-08-15
SKU00712,477,289,90,0,14,2026-08-15
SKU00713,389,271,82,0,14,2026-08-15
SKU00714,42,72,25,0,14,2026-08-15
SKU00715,337,175,62,0,14,2026-08-15
SKU00716,51,40,20,0,14,2026-08-15
SKU00717,490,354,145,0,14,2026-08-15
SKU00719,371,250,112,0,14,2026-08-15
SKU00720,95,41,9,0,14,2026-08-15
SKU00721,4570,1116,406,0,14,2026-08-15
SKU00722,108,66,16,0,14,2026-08-15
SKU00723,124,92,25,0,14,2026-08-15
SKU00724,78,36,8,0,14,2026-08-15
SKU00726,136,166,74,0,14,2026-08-15
SKU00727,209,110,45,0,14,2026-08-15
SKU00728,108,524,173,0,14,2026-08-15
SKU00729,366,254,85,0,14,2026-08-15
SKU00732,6454,1393,478,0,14,2026-08-15
SKU00733,272,148,42,0,14,2026-08-15
SKU00734,7013,1480,497,0,14,2026-08-15
SKU00735,160,127,51,0,14,2026-08-15
SKU00736,106,146,59,0,14,2026-08-15
SKU00737,4,27,6,0,14,2026-08-15
SKU00738,60,78,30,0,14,2026-08-15
SKU00739,144,94,46,0,14,2026-08-15
SKU00740,362,165,54,0,14,2026-08-15
SKU00741,23,20,9,0,14,2026-08-15
SKU00742,551,377,111,0,14,2026-08-15
SKU00743,105,68,16,0,14,2026-08-15
SKU00744,60,52,15,0,14,2026-08-15
SKU00745,99,37,13,0,14,2026-08-15
SKU00746,37,20,7,0,14,2026-08-15
SKU00747,74,61,13,0,14,2026-08-15
SKU00748,54,22,7,0,14,2026-08-15
SKU00749,8253,1803,615,0,14,2026-08-15
SKU00751,484,219,61,0,14,2026-08-15
SKU00752,103,146,47,0,14,2026-08-15
SKU00754,432,200,53,0,14,2026-08-15
SKU00755,138,66,29,0,14,2026-08-15
SKU00756,241,119,50,0,14,2026-08-15
SKU00758,6798,1514,502,0,14,2026-08-15
SKU00759,234,125,50,0,14,2026-08-15
SKU00760,203,118,49,0,14,2026-08-15
SKU00761,300,164,57,0,14,2026-08-15
SKU00762,290,117,26,0,14,2026-08-15
SKU00763,202,125,51,0,14,2026-08-15
SKU00764,112,65,30,0,14,2026-08-15
SKU00765,507,248,87,0,14,2026-08-15
SKU00766,61,66,23,0,14,2026-08-15
SKU00767,557,231,79,0,14,2026-08-15
SKU00768,267,161,59,0,14,2026-08-15
SKU00769,89,130,43,0,14,2026-08-15
SKU00770,53,40,19,0,14,2026-08-15
SKU00772,378,327,112,0,14,2026-08-15
SKU00773,208,201,71,0,14,2026-08-15
SKU00774,0,966,347,0,14,2026-08-15
SKU00775,4793,1230,412,0,14,2026-08-15
SKU00776,284,150,63,0,14,2026-08-15
SKU00777,92,93,31,0,14,2026-08-15
SKU00778,635,283,85,0,14,2026-08-15
SKU00779,50,49,21,0,14,2026-08-15
SKU00780,137,107,31,0,14,2026-08-15
SKU00781,97,40,16,0,14,2026-08-15
SKU00782,249,146,49,0,14,2026-08-15
SKU00783,442,241,79,0,14,2026-08-15
SKU00784,335,251,84,0,14,2026-08-15
SKU00785,321,245,93,0,14,2026-08-15
SKU00786,115,126,42,0,14,2026-08-15
SKU00787,468,374,113,0,14,2026-08-15
SKU00788,4093,1043,359,0,14,2026-08-15
SKU00789,117,75,34,0,14,2026-08-15
SKU00791,277,165,47,0,14,2026-08-15
SKU00792,109,262,76,0,14,2026-08-15
SKU00793,95,97,34,0,14,2026-08-15
SKU00794,95,136,53,0,14,2026-08-15
SKU00795,113,102,37,0,14,2026-08-15
SKU00796,12,180,53,0,14,2026-08-15
SKU00797,85,44,16,0,14,2026-08-15
SKU00798,198,112,36,0,14,2026-08-15
SKU00799,408,172,59,0,14,2026-08-15
SKU00800,311,254,106,0,14,2026-08-15
SKU00801,189,117,47,0,14,2026-08-15
SKU00802,39,33,7,0,14,2026-08-15
SKU00803,195,108,50,0,14,2026-08-15
SKU00804,269,356,124,0,14,2026-08-15
SKU00805,185,124,32,0,14,2026-08-15
SKU00806,462,216,57,0,14,2026-08-15
SKU00807,44,58,18,0,14,2026-08-15
SKU00808,28,47,18,0,14,2026-08-15
SKU00809,118,181,68,0,14,2026-08-15
SKU00810,284,179,70,0,14,2026-08-15
SKU00811,519,229,74,0,14,2026-08-15
SKU00813,254,132,31,0,14,2026-08-15
SKU00815,102,38,14,0,14,2026-08-15
SKU00816,2,99,49,0,14,2026-08-15
SKU00818,324,206,58,0,14,2026-08-15
SKU00819,765,376,136,0,14,2026-08-15
SKU00820,269,94,38,0,14,2026-08-15
SKU00821,6067,1402,510,0,14,2026-08-15
SKU00822,314,129,45,0,14,2026-08-15
SKU00823,160,762,265,0,14,2026-08-15
SKU00824,165,209,76,0,14,2026-08-15
SKU00825,33,69,18,0,14,2026-08-15
SKU00827,337,192,65,0,14,2026-08-15
SKU00828,285,151,54,0,14,2026-08-15
SKU00829,145,166,51,0,14,2026-08-15
SKU00830,0,1090,379,0,14,2026-08-15
SKU00831,27,66,28,0,14,2026-08-15
SKU00832,0,897,340,0,14,2026-08-15
SKU00833,125,68,23,0,14,2026-08-15
SKU00834,496,233,76,0,14,2026-08-15
SKU00835,333,316,107,0,14,2026-08-15
SKU00837,7894,1728,609,0,14,2026-08-15
SKU00838,23,49,12,0,14,2026-08-15
SKU00839,9,41,11,0,14,2026-08-15
SKU00840,765,472,172,0,14,2026-08-15
SKU00841,136,105,45,0,14,2026-08-15
SKU00842,190,140,59,0,14,2026-08-15
SKU00843,93,101,47,0,14,2026-08-15
SKU00844,252,155,57,0,14,2026-08-15
SKU00845,292,808,279,0,14,2026-08-15
SKU00846,209,149,55,0,14,2026-08-15
SKU00848,261,211,71,0,14,2026-08-15
SKU00849,60,146,43,0,14,2026-08-15
SKU00850,241,131,45,0,14,2026-08-15
SKU00851,246,223,63,0,14,2026-08-15
SKU00852,235,147,52,0,14,2026-08-15
SKU00853,306,220,99,0,14,2026-08-15
SKU00854,382,181,62,0,14,2026-08-15
SKU00855,4990,1263,441,0,14,2026-08-15
SKU00856,214,135,58,0,14,2026-08-15
SKU00857,76,134,52,0,14,2026-08-15
SKU00858,5244,1165,369,0,14,2026-08-15
SKU00859,110,52,13,0,14,2026-08-15
SKU00860,3586,874,283,0,14,2026-08-15
SKU00861,24,125,53,0,14,2026-08-15
SKU00863,78,148,68,0,14,2026-08-15
SKU00864,339,183,72,0,14,2026-08-15
SKU00865,221,97,27,0,14,2026-08-15
SKU00866,487,223,61,0,14,2026-08-15
SKU00867,49,81,30,0,14,2026-08-15
SKU00868,287,97,39,0,14,2026-08-15
SKU00869,367,168,61,0,14,2026-08-15
SKU00870,519,348,142,0,14,2026-08-15
SKU00872,223,223,86,0,14,2026-08-15
SKU00873,428,197,62,0,14,2026-08-15
SKU00874,4280,974,383,0,14,2026-08-15
SKU00875,297,154,34,0,14,2026-08-15
SKU00876,105,41,18,0,14,2026-08-15
SKU00877,14,43,15,0,14,2026-08-15
SKU00878,122,289,117,0,14,2026-08-15
SKU00879,105,100,32,0,14,2026-08-15
SKU00880,138,161,50,0,14,2026-08-15
SKU00881,286,173,54,0,14,2026-08-15
SKU00882,214,122,31,0,14,2026-08-15
SKU00883,230,154,42,0,14,2026-08-15
SKU00884,124,191,67,0,14,2026-08-15
SKU00885,138,47,16,0,14,2026-08-15
SKU00886,3,31,11,0,14,2026-08-15
SKU00887,184,113,48,0,14,2026-08-15
SKU00888,294,207,66,0,14,2026-08-15
SKU00889,275,100,33,0,14,2026-08-15
SKU00890,7173,1576,543,0,14,2026-08-15
SKU00891,113,89,21,0,14,2026-08-15
SKU00892,141,183,64,0,14,2026-08-15
SKU00893,107,693,268,0,14,2026-08-15
SKU00894,5444,1275,465,0,14,2026-08-15
SKU00895,355,238,77,0,14,2026-08-15
SKU00896,115,64,28,0,14,2026-08-15
SKU00897,180,144,61,0,14,2026-08-15
SKU00898,284,136,44,0,14,2026-08-15
SKU00899,289,103,23,0,14,2026-08-15
SKU00900,524,251,83,0,14,2026-08-15
SKU00901,153,86,34,0,14,2026-08-15
SKU00902,364,198,72,0,14,2026-08-15
SKU00904,207,83,41,0,14,2026-08-15
SKU00905,144,119,27,0,14,2026-08-15
SKU00906,5967,1330,476,0,14,2026-08-15
SKU00908,124,110,40,0,14,2026-08-15
SKU00909,269,175,63,0,14,2026-08-15
SKU00911,242,132,51,0,14,2026-08-15
SKU00912,164,146,50,0,14,2026-08-15
SKU00913,117,83,39,0,14,2026-08-15
SKU00914,177,111,38,0,14,2026-08-15
SKU00915,171,171,47,0,14,2026-08-15
SKU00916,510,292,113,0,14,2026-08-15
SKU00917,172,97,35,0,14,2026-08-15
SKU00918,150,88,19,0,14,2026-08-15
SKU00919,693,273,100,0,14,2026-08-15
SKU00920,0,671,257,0,14,2026-08-15
SKU00921,86,81,26,0,14,2026-08-15
SKU00922,7,93,26,0,14,2026-08-15
SKU00923,107,142,58,0,14,2026-08-15
SKU00924,23,90,23,0,14,2026-08-15
SKU00925,229,142,65,0,14,2026-08-15
SKU00926,275,262,101,0,14,2026-08-15
SKU00927,457,241,83,0,14,2026-08-15
SKU00928,229,152,58,0,14,2026-08-15
SKU00929,171,1163,422,0,14,2026-08-15
SKU00930,183,185,68,0,14,2026-08-15
SKU00931,417,176,43,0,14,2026-08-15
SKU00932,306,124,49,0,14,2026-08-15
SKU00933,115,66,27,0,14,2026-08-15
SKU00934,192,110,37,0,14,2026-08-15
SKU00935,6846,1609,586,0,14,2026-08-15
SKU00937,265,213,75,0,14,2026-08-15
SKU00938,80,64,27,0,14,2026-08-15
SKU00939,370,194,78,0,14,2026-08-15
SKU00940,640,328,117,0,14,2026-08-15
SKU00942,111,1076,373,0,14,2026-08-15
SKU00944,122,183,82,0,14,2026-08-15
SKU00945,430,230,87,0,14,2026-08-15
SKU00946,144,99,39,0,14,2026-08-15
SKU00948,100,49,23,0,14,2026-08-15
SKU00949,230,209,80,0,14,2026-08-15
SKU00950,221,92,35,0,14,2026-08-15
SKU00951,191,154,45,0,14,2026-08-15
SKU00953,226,581,178,0,14,2026-08-15
SKU00954,6394,1537,504,0,14,2026-08-15
SKU00955,246,159,71,0,14,2026-08-15
SKU00956,13,119,47,0,14,2026-08-15
SKU00957,211,87,31,0,14,2026-08-15
SKU00958,3732,809,279,0,14,2026-08-15
SKU00959,51,42,13,0,14,2026-08-15
SKU00960,347,164,55,0,14,2026-08-15
SKU00961,321,143,41,0,14,2026-08-15
SKU00962,141,81,30,0,14,2026-08-15
SKU00963,195,79,23,0,14,2026-08-15
SKU00964,86,108,31,0,14,2026-08-15
SKU00965,3914,863,323,0,14,2026-08-15
SKU00966,162,91,31,0,14,2026-08-15
SKU00967,119,51,11,0,14,2026-08-15
SKU00968,176,203,68,0,14,2026-08-15
SKU00970,267,169,64,0,14,2026-08-15
SKU00971,193,212,83,0,14,2026-08-15
SKU00972,315,121,49,0,14,2026-08-15
SKU00973,466,274,82,0,14,2026-08-15
SKU00974,0,689,240,0,14,2026-08-15
SKU00975,413,196,58,0,14,2026-08-15
SKU00976,234,879,312,0,14,2026-08-15
SKU00977,208,110,35,0,14,2026-08-15
SKU00978,7182,1604,588,0,14,2026-08-15
SKU00979,26,59,15,0,14,2026-08-15
SKU00980,62,151,62,0,14,2026-08-15
SKU00981,237,171,41,0,14,2026-08-15
SKU00982,161,135,37,0,14,2026-08-15
SKU00983,253,101,45,0,14,2026-08-15
SKU00984,150,181,50,0,14,2026-08-15
SKU00986,5203,1131,374,0,14,2026-08-15
SKU00987,8554,1998,713,0,14,2026-08-15
SKU00988,61,30,13,0,14,2026-08-15
SKU00989,246,116,33,0,14,2026-08-15
SKU00990,490,333,142,0,14,2026-08-15
SKU00991,6857,1587,582,0,14,2026-08-15
SKU00992,179,124,46,0,14,2026-08-15
SKU00993,64,29,6,0,14,2026-08-15
SKU00994,0,604,177,0,14,2026-08-15
SKU00996,158,1260,455,0,14,2026-08-15
SKU00997,339,213,72,0,14,2026-08-15
SKU00998,109,94,43,0,14,2026-08-15
SKU01001,281,150,54,0,14,2026-08-15
SKU01002,144,98,22,0,14,2026-08-15
SKU01003,180,156,53,0,14,2026-08-15
SKU01004,248,172,71,0,14,2026-08-15
SKU01005,222,199,67,0,14,2026-08-15
SKU01006,337,131,38,0,14,2026-08-15
SKU01007,305,294,114,0,14,2026-08-15
SKU01008,118,72,16,0,14,2026-08-15
SKU01009,0,941,308,0,14,2026-08-15
SKU01010,67,201,49,0,14,2026-08-15
SKU01011,24,75,29,0,14,2026-08-15
SKU01012,404,252,94,0,14,2026-08-15
SKU01015,291,234,88,0,14,2026-08-15
SKU01017,70,83,28,0,14,2026-08-15
SKU01018,221,113,51,0,14,2026-08-15
SKU01019,125,84,18,0,14,2026-08-15
SKU01020,76,229,75,0,14,2026-08-15
SKU01021,0,1245,393,0,14,2026-08-15
SKU01022,228,210,73,0,14,2026-08-15
SKU01023,5138,1367,461,0,14,2026-08-15
SKU01024,64,27,10,0,14,2026-08-15
SKU01025,472,293,86,0,14,2026-08-15
SKU01027,124,58,26,0,14,2026-08-15
SKU01028,123,172,53,0,14,2026-08-15
SKU01029,297,200,71,0,14,2026-08-15
SKU01030,0,735,288,0,14,2026-08-15
SKU01031,5133,1371,501,0,14,2026-08-15
SKU01032,4726,1183,408,0,14,2026-08-15
SKU01033,253,188,61,0,14,2026-08-15
SKU01034,5335,1058,412,0,14,2026-08-15
SKU01036,118,100,38,0,14,2026-08-15
SKU01037,0,919,319,0,14,2026-08-15
SKU01038,6977,1491,515,0,14,2026-08-15
SKU01039,40,49,23,0,14,2026-08-15
SKU01041,44,134,51,0,14,2026-08-15
SKU01042,5508,1335,497,0,14,2026-08-15
SKU01043,150,123,48,0,14,2026-08-15
SKU01044,284,198,66,0,14,2026-08-15
SKU01045,0,989,325,0,14,2026-08-15
SKU01046,6747,1568,508,0,14,2026-08-15
SKU01047,159,141,37,0,14,2026-08-15
SKU01048,70,639,235,0,14,2026-08-15
SKU01049,122,53,18,0,14,2026-08-15
SKU01050,64,57,19,0,14,2026-08-15
SKU01052,81,137,48,0,14,2026-08-15
SKU01053,303,219,65,0,14,2026-08-15
SKU01054,271,119,46,0,14,2026-08-15
SKU01055,21,52,16,0,14,2026-08-15
SKU01056,279,141,49,0,14,2026-08-15
SKU01057,85,51,15,0,14,2026-08-15
SKU01058,91,48,20,0,14,2026-08-15
SKU01059,162,99,37,0,14,2026-08-15
SKU01061,278,126,46,0,14,2026-08-15
SKU01063,7366,1696,567,0,14,2026-08-15
SKU01064,371,166,67,0,14,2026-08-15
SKU01065,81,61,14,0,14,2026-08-15
SKU01066,311,244,87,0,14,2026-08-15
SKU01067,499,286,100,0,14,2026-08-15
SKU01068,5475,1199,427,0,14,2026-08-15
SKU01069,30,30,9,0,14,2026-08-15
SKU01070,7217,1643,561,0,14,2026-08-15
SKU01071,405,217,61,0,14,2026-08-15
SKU01072,241,214,89,0,14,2026-08-15
SKU01073,269,120,33,0,14,2026-08-15
SKU01074,106,49,24,0,14,2026-08-15
SKU01075,6602,1413,499,0,14,2026-08-15
SKU01076,370,220,75,0,14,2026-08-15
SKU01077,11,65,24,0,14,2026-08-15
SKU01078,229,194,75,0,14,2026-08-15
SKU01081,696,376,113,0,14,2026-08-15
SKU01082,363,223,87,0,14,2026-08-15
SKU01083,13,34,9,0,14,2026-08-15
SKU01085,360,213,78,0,14,2026-08-15
SKU01086,421,337,110,0,14,2026-08-15
SKU01087,62,140,53,0,14,2026-08-15
SKU01088,185,126,37,0,14,2026-08-15
SKU01090,16,21,7,0,14,2026-08-15
SKU01091,62,79,35,0,14,2026-08-15
SKU01092,459,286,87,0,14,2026-08-15
SKU01093,19,71,15,0,14,2026-08-15
SKU01094,103,37,15,0,14,2026-08-15
SKU01095,170,79,36,0,14,2026-08-15
SKU01096,118,95,23,0,14,2026-08-15
SKU01097,91,112,54,0,14,2026-08-15
SKU01099,102,108,44,0,14,2026-08-15
SKU01100,304,183,78,0,14,2026-08-15
SKU01101,90,55,18,0,14,2026-08-15
SKU01102,83,73,30,0,14,2026-08-15
SKU01103,34,34,8,0,14,2026-08-15
SKU01104,7108,1687,623,0,14,2026-08-15
SKU01106,71,87,27,0,14,2026-08-15
SKU01107,318,187,71,0,14,2026-08-15
SKU01108,253,133,43,0,14,2026-08-15
SKU01109,395,232,78,0,14,2026-08-15
SKU01110,79,97,36,0,14,2026-08-15
SKU01112,4645,1176,406,0,14,2026-08-15
SKU01113,153,95,35,0,14,2026-08-15
SKU01114,124,111,43,0,14,2026-08-15
SKU01115,3,25,11,0,14,2026-08-15
SKU01116,71,49,15,0,14,2026-08-15
SKU01117,557,288,91,0,14,2026-08-15
SKU01118,70,165,64,0,14,2026-08-15
SKU01119,126,174,61,0,14,2026-08-15
SKU01120,220,147,59,0,14,2026-08-15
SKU01121,225,236,86,0,14,2026-08-15
SKU01122,20,97,27,0,14,2026-08-15
SKU01123,283,220,65,0,14,2026-08-15
SKU01124,614,344,139,0,14,2026-08-15
SKU01125,173,158,46,0,14,2026-08-15
SKU01127,197,244,109,0,14,2026-08-15
SKU01128,276,200,66,0,14,2026-08-15
SKU01129,52,89,37,0,14,2026-08-15
SKU01130,248,136,32,0,14,2026-08-15
SKU01131,124,86,30,0,14,2026-08-15
SKU01132,445,273,114,0,14,2026-08-15
SKU01133,5355,1237,453,0,14,2026-08-15
SKU01134,57,59,20,0,14,2026-08-15
SKU01135,176,82,28,0,14,2026-08-15
SKU01136,498,237,77,0,14,2026-08-15
SKU01137,401,171,73,0,14,2026-08-15
SKU01138,0,1055,412,0,14,2026-08-15
SKU01140,541,255,97,0,14,2026-08-15
SKU01142,272,150,67,0,14,2026-08-15
SKU01143,3,93,22,0,14,2026-08-15
SKU01144,425,287,95,0,14,2026-08-15
SKU01145,449,156,50,0,14,2026-08-15
SKU01146,422,314,106,0,14,2026-08-15
SKU01147,108,198,63,0,14,2026-08-15
SKU01148,64,29,11,0,14,2026-08-15
SKU01149,32,26,10,0,14,2026-08-15
SKU01150,54,81,31,0,14,2026-08-15
SKU01151,256,136,48,0,14,2026-08-15
SKU01152,0,830,304,0,14,2026-08-15
SKU01153,0,1098,384,0,14,2026-08-15
SKU01154,163,62,24,0,14,2026-08-15
SKU01155,382,257,75,0,14,2026-08-15
SKU01156,190,162,50,0,14,2026-08-15
SKU01157,454,199,59,0,14,2026-08-15
SKU01158,320,187,49,0,14,2026-08-15
SKU01159,64,70,15,0,14,2026-08-15
SKU01160,467,179,80,0,14,2026-08-15
SKU01161,120,70,26,0,14,2026-08-15
SKU01162,186,98,37,0,14,2026-08-15
SKU01163,160,166,58,0,14,2026-08-15
SKU01164,323,765,246,0,14,2026-08-15
SKU01165,203,158,71,0,14,2026-08-15
SKU01167,3823,893,337,0,14,2026-08-15
SKU01168,51,79,29,0,14,2026-08-15
SKU01169,129,179,48,0,14,2026-08-15
SKU01170,97,957,341,0,14,2026-08-15
SKU01172,117,51,17,0,14,2026-08-15
SKU01174,9102,1898,613,0,14,2026-08-15
SKU01175,260,148,53,0,14,2026-08-15
SKU01176,468,240,73,0,14,2026-08-15
SKU01177,49,79,22,0,14,2026-08-15
SKU01178,1,20,7,0,14,2026-08-15
SKU01181,184,70,23,0,14,2026-08-15
SKU01182,85,44,19,0,14,2026-08-15
SKU01183,152,119,48,0,14,2026-08-15
SKU01184,8,56,26,0,14,2026-08-15
SKU01185,101,94,38,0,14,2026-08-15
SKU01186,245,176,59,0,14,2026-08-15
SKU01187,293,180,73,0,14,2026-08-15
SKU01188,208,122,35,0,14,2026-08-15
SKU01189,14,518,202,0,14,2026-08-15
SKU01190,58,45,13,0,14,2026-08-15
SKU01191,4535,1003,337,0,14,2026-08-15
SKU01193,115,41,16,0,14,2026-08-15
SKU01194,346,246,102,0,14,2026-08-15
SKU01195,521,371,124,0,14,2026-08-15
SKU01196,171,136,49,0,14,2026-08-15
SKU01199,179,223,96,0,14,2026-08-15
SKU01200,4575,1044,378,0,14,2026-08-15
SKU01201,156,132,48,0,14,2026-08-15
SKU01202,100,78,36,0,14,2026-08-15
SKU01203,264,251,84,0,14,2026-08-15
SKU01204,42,26,10,0,14,2026-08-15
SKU01205,317,175,54,0,14,2026-08-15
SKU01206,287,163,46,0,14,2026-08-15
SKU01207,213,141,68,0,14,2026-08-15
SKU01208,241,146,54,0,14,2026-08-15
SKU01209,59,33,12,0,14,2026-08-15
SKU01210,377,247,84,0,14,2026-08-15
SKU01211,206,152,46,0,14,2026-08-15
SKU01213,198,144,37,0,14,2026-08-15
SKU01215,377,138,33,0,14,2026-08-15
SKU01216,250,215,75,0,14,2026-08-15
SKU01217,103,47,19,0,14,2026-08-15
SKU01218,156,126,44,0,14,2026-08-15
SKU01220,212,74,22,0,14,2026-08-15
SKU01221,4,77,27,0,14,2026-08-15
SKU01222,328,213,87,0,14,2026-08-15
SKU01223,61,25,12,0,14,2026-08-15
SKU01224,281,163,44,0,14,2026-08-15
SKU01225,201,277,104,0,14,2026-08-15
SKU01226,92,47,15,0,14,2026-08-15
SKU01227,165,157,45,0,14,2026-08-15
SKU01228,137,97,29,0,14,2026-08-15
SKU01229,6258,1432,439,0,14,2026-08-15
SKU01230,402,206,77,0,14,2026-08-15
SKU01231,25,20,6,0,14,2026-08-15
SKU01232,20,35,10,0,14,2026-08-15
SKU01234,244,98,34,0,14,2026-08-15
SKU01235,74,83,29,0,14,2026-08-15
SKU01236,232,95,23,0,14,2026-08-15
SKU01237,228,195,84,0,14,2026-08-15
SKU01238,337,152,51,0,14,2026-08-15
SKU01241,207,95,38,0,14,2026-08-15
SKU01242,349,202,64,0,14,2026-08-15
SKU01243,202,85,39,0,14,2026-08-15
SKU01246,174,289,107,0,14,2026-08-15
SKU01247,463,228,83,0,14,2026-08-15
SKU01248,82,88,42,0,14,2026-08-15
SKU01249,44,113,37,0,14,2026-08-15
SKU01250,22,26,7,0,14,2026-08-15
SKU01251,231,222,99,0,14,2026-08-15
SKU01253,177,171,67,0,14,2026-08-15
SKU01254,180,118,33,0,14,2026-08-15
SKU01255,170,150,38,0,14,2026-08-15
SKU01256,336,205,75,0,14,2026-08-15
SKU01257,480,290,108,0,14,2026-08-15
SKU01258,145,231,88,0,14,2026-08-15
SKU01259,145,94,30,0,14,2026-08-15
SKU01261,106,56,18,0,14,2026-08-15
SKU01262,370,208,77,0,14,2026-08-15
SKU01263,273,94,41,0,14,2026-08-15
SKU01264,5425,1155,420,0,14,2026-08-15
SKU01265,99,86,21,0,14,2026-08-15
SKU01266,301,277,85,0,14,2026-08-15
SKU01267,326,153,65,0,14,2026-08-15
SKU01268,513,294,99,0,14,2026-08-15
SKU01269,78,69,19,0,14,2026-08-15
SKU01270,445,215,96,0,14,2026-08-15
SKU01271,171,174,49,0,14,2026-08-15
SKU01272,107,134,33,0,14,2026-08-15
SKU01273,186,91,39,0,14,2026-08-15
SKU01274,0,1060,410,0,14,2026-08-15
SKU01275,254,155,58,0,14,2026-08-15
SKU01276,114,177,55,0,14,2026-08-15
SKU01277,221,115,48,0,14,2026-08-15
SKU01278,367,209,81,0,14,2026-08-15
SKU01280,364,245,69,0,14,2026-08-15
SKU01281,133,116,37,0,14,2026-08-15
SKU01282,446,214,51,0,14,2026-08-15
SKU01283,142,84,39,0,14,2026-08-15
SKU01284,81,64,28,0,14,2026-08-15
SKU01286,96,76,17,0,14,2026-08-15
SKU01287,5631,1374,508,0,14,2026-08-15
SKU01288,140,97,42,0,14,2026-08-15
SKU01289,58,22,10,0,14,2026-08-15
SKU01290,365,196,86,0,14,2026-08-15
SKU01292,150,70,19,0,14,2026-08-15
SKU01293,90,79,36,0,14,2026-08-15
SKU01294,44,106,29,0,14,2026-08-15
SKU01295,31,100,44,0,14,2026-08-15
SKU01296,156,112,37,0,14,2026-08-15
SKU01297,81,43,13,0,14,2026-08-15
SKU01298,127,74,22,0,14,2026-08-15
SKU01299,286,122,47,0,14,2026-08-15
SKU01301,168,236,96,0,14,2026-08-15
SKU01302,368,262,92,0,14,2026-08-15
SKU01303,7270,1639,556,0,14,2026-08-15
SKU01305,253,241,107,0,14,2026-08-15
SKU01306,39,55,13,0,14,2026-08-15
SKU01308,8,70,27,0,14,2026-08-15
SKU01309,354,161,62,0,14,2026-08-15
SKU01310,8360,1901,603,0,14,2026-08-15
SKU01311,83,87,32,0,14,2026-08-15
SKU01312,404,160,63,0,14,2026-08-15
SKU01313,287,210,81,0,14,2026-08-15
SKU01314,210,138,56,0,14,2026-08-15
SKU01315,209,119,43,0,14,2026-08-15
SKU01316,331,177,64,0,14,2026-08-15
SKU01317,142,1156,404,0,14,2026-08-15
SKU01318,6932,1639,597,0,14,2026-08-15
SKU01319,203,173,37,0,14,2026-08-15
SKU01320,642,355,126,0,14,2026-08-15
SKU01321,561,347,112,0,14,2026-08-15
SKU01323,476,202,71,0,14,2026-08-15
SKU01324,80,74,29,0,14,2026-08-15
SKU01325,46,103,41,0,14,2026-08-15
SKU01326,233,194,90,0,14,2026-08-15
SKU01327,69,30,12,0,14,2026-08-15
SKU01328,118,77,19,0,14,2026-08-15
SKU01329,158,96,34,0,14,2026-08-15
SKU01330,59,31,7,0,14,2026-08-15
SKU01331,633,258,91,0,14,2026-08-15
SKU01332,158,99,38,0,14,2026-08-15
SKU01333,245,181,53,0,14,2026-08-15
SKU01334,7,92,21,0,14,2026-08-15
SKU01335,132,52,18,0,14,2026-08-15
SKU01336,293,164,65,0,14,2026-08-15
SKU01337,7190,1673,597,0,14,2026-08-15
SKU01338,144,127,33,0,14,2026-08-15
SKU01339,5535,1172,378,0,14,2026-08-15
SKU01341,390,190,79,0,14,2026-08-15
SKU01342,399,244,62,0,14,2026-08-15
SKU01343,85,128,55,0,14,2026-08-15
SKU01346,111,142,45,0,14,2026-08-15
SKU01347,155,154,50,0,14,2026-08-15
SKU01348,44,58,17,0,14,2026-08-15
SKU01349,64,65,30,0,14,2026-08-15
SKU01350,55,23,6,0,14,2026-08-15
SKU01351,537,263,86,0,14,2026-08-15
SKU01352,149,108,32,0,14,2026-08-15
SKU01354,22,96,20,0,14,2026-08-15
SKU01355,363,201,74,0,14,2026-08-15
SKU01356,5109,1216,428,0,14,2026-08-15
SKU01357,295,172,56,0,14,2026-08-15
SKU01358,174,111,49,0,14,2026-08-15
SKU01359,172,167,54,0,14,2026-08-15
SKU01360,610,278,85,0,14,2026-08-15
SKU01361,329,224,55,0,14,2026-08-15
SKU01362,339,158,42,0,14,2026-08-15
SKU01363,262,807,262,0,14,2026-08-15
SKU01365,144,162,79,0,14,2026-08-15
SKU01366,216,173,56,0,14,2026-08-15
SKU01367,77,80,31,0,14,2026-08-15
SKU01369,141,74,36,0,14,2026-08-15
SKU01370,0,1083,366,0,14,2026-08-15
SKU01371,5,767,250,0,14,2026-08-15
SKU01372,31,83,40,0,14,2026-08-15
SKU01373,28,36,17,0,14,2026-08-15
SKU01374,99,127,44,0,14,2026-08-15
SKU01375,185,131,59,0,14,2026-08-15
SKU01376,154,83,23,0,14,2026-08-15
SKU01377,43,41,12,0,14,2026-08-15
SKU01378,50,99,23,0,14,2026-08-15
SKU01379,264,99,41,0,14,2026-08-15
SKU01382,259,159,59,0,14,2026-08-15
SKU01383,292,203,66,0,14,2026-08-15
SKU01384,131,84,30,0,14,2026-08-15
SKU01385,67,50,13,0,14,2026-08-15
SKU01386,352,236,85,0,14,2026-08-15
SKU01387,203,150,56,0,14,2026-08-15
SKU01388,10,27,13,0,14,2026-08-15
SKU01389,474,326,99,0,14,2026-08-15
SKU01390,307,152,59,0,14,2026-08-15
SKU01391,14,66,22,0,14,2026-08-15
SKU01392,82,37,16,0,14,2026-08-15
SKU01393,257,149,50,0,14,2026-08-15
SKU01394,94,84,29,0,14,2026-08-15
SKU01395,267,218,76,0,14,2026-08-15
SKU01396,5114,1208,402,0,14,2026-08-15
SKU01397,54,33,12,0,14,2026-08-15
SKU01398,175,320,103,0,14,2026-08-15
SKU01399,224,134,36,0,14,2026-08-15
SKU01401,874,367,129,0,14,2026-08-15
SKU01402,584,268,88,0,14,2026-08-15
SKU01403,202,181,63,0,14,2026-08-15
SKU01404,47,47,17,0,14,2026-08-15
SKU01405,550,308,116,0,14,2026-08-15
SKU01406,122,138,42,0,14,2026-08-15
SKU01407,6285,1460,544,0,14,2026-08-15
SKU01411,116,69,20,0,14,2026-08-15
SKU01412,158,93,21,0,14,2026-08-15
SKU01414,27,1100,370,0,14,2026-08-15
SKU01415,361,250,79,0,14,2026-08-15
SKU01416,213,175,56,0,14,2026-08-15
SKU01417,101,34,8,0,14,2026-08-15
SKU01418,95,96,29,0,14,2026-08-15
SKU01419,94,58,14,0,14,2026-08-15
SKU01420,0,1027,377,0,14,2026-08-15
SKU01421,23,27,9,0,14,2026-08-15
SKU01422,167,217,76,0,14,2026-08-15
SKU01423,5987,1438,524,0,14,2026-08-15
SKU01424,6,50,12,0,14,2026-08-15
SKU01425,347,263,102,0,14,2026-08-15
SKU01427,22,75,36,0,14,2026-08-15
SKU01428,7389,1566,567,0,14,2026-08-15
SKU01429,339,187,52,0,14,2026-08-15
SKU01430,238,112,39,0,14,2026-08-15
SKU01431,171,81,32,0,14,2026-08-15
SKU01433,8401,1892,627,0,14,2026-08-15
SKU01434,397,247,72,0,14,2026-08-15
SKU01436,77,56,17,0,14,2026-08-15
SKU01437,370,212,85,0,14,2026-08-15
SKU01438,42,664,205,0,14,2026-08-15
SKU01439,156,71,24,0,14,2026-08-15
SKU01440,81,76,26,0,14,2026-08-15
SKU01441,82,79,29,0,14,2026-08-15
SKU01442,94,90,25,0,14,2026-08-15
SKU01443,155,79,29,0,14,2026-08-15
SKU01444,415,204,75,0,14,2026-08-15
SKU01445,325,161,58,0,14,2026-08-15
SKU01446,143,212,61,0,14,2026-08-15
SKU01450,91,123,50,0,14,2026-08-15
SKU01451,271,161,51,0,14,2026-08-15
SKU01452,115,72,27,0,14,2026-08-15
SKU01453,355,151,65,0,14,2026-08-15
SKU01454,136,104,35,0,14,2026-08-15
SKU01455,423,382,110,0,14,2026-08-15
SKU01456,404,302,94,0,14,2026-08-15
SKU01457,67,127,56,0,14,2026-08-15
SKU01458,212,85,39,0,14,2026-08-15
SKU01459,337,187,60,0,14,2026-08-15
SKU01460,571,220,62,0,14,2026-08-15
SKU01461,123,139,55,0,14,2026-08-15
SKU01462,168,85,35,0,14,2026-08-15
SKU01463,151,54,27,0,14,2026-08-15
SKU01464,52,55,19,0,14,2026-08-15
SKU01465,233,128,49,0,14,2026-08-15
SKU01466,0,966,341,0,14,2026-08-15
SKU01467,205,117,49,0,14,2026-08-15
SKU01468,490,334,125,0,14,2026-08-15
SKU01469,380,190,80,0,14,2026-08-15
SKU01470,274,134,47,0,14,2026-08-15
SKU01471,373,155,46,0,14,2026-08-15
SKU01472,611,277,104,0,14,2026-08-15
SKU01473,176,125,38,0,14,2026-08-15
SKU01476,121,43,21,0,14,2026-08-15
SKU01477,68,40,11,0,14,2026-08-15
SKU01479,330,239,80,0,14,2026-08-15
SKU01480,48,60,29,0,14,2026-08-15
SKU01481,273,239,86,0,14,2026-08-15
SKU01483,297,150,47,0,14,2026-08-15
SKU01484,6,100,41,0,14,2026-08-15
SKU01485,208,716,243,0,14,2026-08-15
SKU01486,164,136,49,0,14,2026-08-15
SKU01487,76,47,20,0,14,2026-08-15
SKU01488,127,49,16,0,14,2026-08-15
SKU01489,56,74,16,0,14,2026-08-15
SKU01490,211,74,30,0,14,2026-08-15
SKU01491,137,81,18,0,14,2026-08-15
SKU01492,504,281,81,0,14,2026-08-15
SKU01493,185,208,64,0,14,2026-08-15
SKU01494,623,394,146,0,14,2026-08-15
SKU01495,6202,1397,473,0,14,2026-08-15
SKU01496,281,98,38,0,14,2026-08-15
SKU01498,196,124,35,0,14,2026-08-15
SKU01499,0,43,9,0,14,2026-08-15
SKU01500,102,48,21,0,14,2026-08-15
SKU01501,164,83,33,0,14,2026-08-15
SKU01502,352,148,46,0,14,2026-08-15
SKU01503,61,96,45,0,14,2026-08-15
SKU01504,22,51,20,0,14,2026-08-15
SKU01505,237,80,39,0,14,2026-08-15
SKU01506,254,248,92,0,14,2026-08-15
SKU01507,108,1196,411,0,14,2026-08-15
SKU01508,167,95,26,0,14,2026-08-15
SKU01509,168,86,25,0,14,2026-08-15
SKU01510,67,38,15,0,14,2026-08-15
SKU01512,395,234,97,0,14,2026-08-15
SKU01513,96,223,96,0,14,2026-08-15
SKU01514,509,257,91,0,14,2026-08-15
SKU01515,237,183,64,0,14,2026-08-15
SKU01516,386,247,65,0,14,2026-08-15
SKU01517,110,140,47,0,14,2026-08-15
SKU01518,575,357,103,0,14,2026-08-15
SKU01519,536,347,110,0,14,2026-08-15
SKU01520,277,231,69,0,14,2026-08-15
SKU01521,210,196,61,0,14,2026-08-15
SKU01523,254,111,36,0,14,2026-08-15
SKU01524,188,127,47,0,14,2026-08-15
SKU01525,40,27,12,0,14,2026-08-15
SKU01526,299,138,38,0,14,2026-08-15
SKU01528,105,70,31,0,14,2026-08-15
SKU01529,349,224,82,0,14,2026-08-15
SKU01530,91,53,12,0,14,2026-08-15
SKU01531,92,92,43,0,14,2026-08-15
SKU01532,28,24,7,0,14,2026-08-15
SKU01533,185,244,87,0,14,2026-08-15
SKU01534,495,172,45,0,14,2026-08-15
SKU01535,154,81,35,0,14,2026-08-15
SKU01536,257,145,51,0,14,2026-08-15
SKU01537,13,61,29,0,14,2026-08-15
SKU01538,6749,1632,574,0,14,2026-08-15
SKU01539,130,122,47,0,14,2026-08-15
SKU01540,201,108,27,0,14,2026-08-15
SKU01542,7538,1526,514,0,14,2026-08-15
SKU01543,360,248,83,0,14,2026-08-15
SKU01544,64,42,15,0,14,2026-08-15
SKU01545,409,201,72,0,14,2026-08-15
SKU01546,35,126,40,0,14,2026-08-15
SKU01547,225,984,314,0,14,2026-08-15
SKU01548,106,131,41,0,14,2026-08-15
SKU01549,317,231,74,0,14,2026-08-15
SKU01550,394,191,51,0,14,2026-08-15
SKU01551,275,141,49,0,14,2026-08-15
SKU01552,140,184,65,0,14,2026-08-15
SKU01553,82,85,22,0,14,2026-08-15
SKU01554,443,279,109,0,14,2026-08-15
SKU01555,11,41,19,0,14,2026-08-15
SKU01557,46,69,24,0,14,2026-08-15
SKU01558,279,220,78,0,14,2026-08-15
SKU01560,64,33,10,0,14,2026-08-15
SKU01561,189,165,68,0,14,2026-08-15
SKU01562,81,95,23,0,14,2026-08-15
SKU01564,30,119,27,0,14,2026-08-15
SKU01565,37,52,14,0,14,2026-08-15
SKU01567,30,139,37,0,14,2026-08-15
SKU01568,6596,1507,466,0,14,2026-08-15
SKU01569,41,39,18,0,14,2026-08-15
SKU01570,395,202,92,0,14,2026-08-15
SKU01571,160,83,34,0,14,2026-08-15
SKU01572,199,69,14,0,14,2026-08-15
SKU01573,280,242,79,0,14,2026-08-15
SKU01575,254,226,77,0,14,2026-08-15
SKU01576,25,97,47,0,14,2026-08-15
SKU01577,35,88,24,0,14,2026-08-15
SKU01578,0,1223,414,0,14,2026-08-15
SKU01579,52,106,33,0,14,2026-08-15
SKU01580,5140,1130,429,0,14,2026-08-15
SKU01581,212,121,41,0,14,2026-08-15
SKU01582,427,201,65,0,14,2026-08-15
SKU01584,0,23,6,0,14,2026-08-15
SKU01585,261,135,43,0,14,2026-08-15
SKU01586,187,74,26,0,14,2026-08-15
SKU01587,266,133,42,0,14,2026-08-15
SKU01589,462,257,90,0,14,2026-08-15
SKU01590,438,399,129,0,14,2026-08-15
SKU01591,75,79,26,0,14,2026-08-15
SKU01592,4157,969,352,0,14,2026-08-15
SKU01593,230,81,27,0,14,2026-08-15
SKU01595,510,255,93,0,14,2026-08-15
SKU01596,311,254,102,0,14,2026-08-15
SKU01597,49,34,10,0,14,2026-08-15
SKU01599,426,218,64,0,14,2026-08-15
SKU01600,273,150,52,0,14,2026-08-15
SKU01601,127,81,39,0,14,2026-08-15
SKU01602,493,304,83,0,14,2026-08-15
SKU01604,87,75,24,0,14,2026-08-15
SKU01605,7934,1806,648,0,14,2026-08-15
SKU01606,376,289,114,0,14,2026-08-15
SKU01607,113,72,27,0,14,2026-08-15
SKU01608,416,226,79,0,14,2026-08-15
SKU01609,512,269,94,0,14,2026-08-15
SKU01610,264,120,28,0,14,2026-08-15
SKU01611,376,158,41,0,14,2026-08-15
SKU01612,52,36,13,0,14,2026-08-15
SKU01613,83,161,58,0,14,2026-08-15
SKU01614,107,40,15,0,14,2026-08-15
SKU01615,5,58,25,0,14,2026-08-15
SKU01616,102,54,22,0,14,2026-08-15
SKU01617,194,264,90,0,14,2026-08-15
SKU01618,233,82,23,0,14,2026-08-15
SKU01619,315,239,73,0,14,2026-08-15
SKU01620,132,94,24,0,14,2026-08-15
SKU01621,356,227,71,0,14,2026-08-15
SKU01623,335,122,44,0,14,2026-08-15
SKU01624,335,187,62,0,14,2026-08-15
SKU01625,209,81,32,0,14,2026-08-15
SKU01626,158,96,40,0,14,2026-08-15
SKU01627,5,23,5,0,14,2026-08-15
SKU01628,179,142,48,0,14,2026-08-15
SKU01629,686,305,106,0,14,2026-08-15
SKU01630,107,112,54,0,14,2026-08-15
SKU01631,236,111,40,0,14,2026-08-15
SKU01632,199,213,79,0,14,2026-08-15
SKU01633,301,199,74,0,14,2026-08-15
SKU01634,313,129,34,0,14,2026-08-15
SKU01635,151,112,43,0,14,2026-08-15
SKU01636,77,87,23,0,14,2026-08-15
SKU01637,329,235,95,0,14,2026-08-15
SKU01638,279,111,28,0,14,2026-08-15
SKU01639,427,185,55,0,14,2026-08-15
SKU01640,81,31,10,0,14,2026-08-15
SKU01641,41,22,8,0,14,2026-08-15
SKU01642,163,185,75,0,14,2026-08-15
SKU01643,5104,1298,469,0,14,2026-08-15
SKU01644,408,212,65,0,14,2026-08-15
SKU01645,4937,1010,332,0,14,2026-08-15
SKU01646,450,274,96,0,14,2026-08-15
SKU01647,280,112,50,0,14,2026-08-15
SKU01648,198,81,28,0,14,2026-08-15
SKU01649,6407,1369,489,0,14,2026-08-15
SKU01650,525,284,103,0,14,2026-08-15
SKU01651,5345,1166,374,0,14,2026-08-15
SKU01652,47,102,42,0,14,2026-08-15
SKU01653,167,80,33,0,14,2026-08-15
SKU01655,135,76,17,0,14,2026-08-15
SKU01656,61,50,15,0,14,2026-08-15
SKU01657,282,173,53,0,14,2026-08-15
SKU01659,393,234,69,0,14,2026-08-15
SKU01660,228,163,50,0,14,2026-08-15
SKU01662,0,771,233,0,14,2026-08-15
SKU01663,70,95,38,0,14,2026-08-15
SKU01665,186,140,55,0,14,2026-08-15
SKU01666,242,121,47,0,14,2026-08-15
SKU01667,600,257,71,0,14,2026-08-15
SKU01668,182,237,80,0,14,2026-08-15
SKU01669,225,122,41,0,14,2026-08-15
SKU01670,110,97,27,0,14,2026-08-15
SKU01671,255,219,92,0,14,2026-08-15
SKU01672,351,172,69,0,14,2026-08-15
SKU01673,85,53,19,0,14,2026-08-15
SKU01674,6236,1375,462,0,14,2026-08-15
SKU01675,4370,1030,345,0,14,2026-08-15
SKU01676,87,40,8,0,14,2026-08-15
SKU01677,189,947,336,0,14,2026-08-15
SKU01678,114,72,19,0,14,2026-08-15
SKU01679,279,166,65,0,14,2026-08-15
SKU01681,76,158,54,0,14,2026-08-15
SKU01682,336,235,72,0,14,2026-08-15
SKU01683,249,85,34,0,14,2026-08-15
SKU01684,3976,925,329,0,14,2026-08-15
SKU01685,217,724,267,0,14,2026-08-15
SKU01686,38,41,13,0,14,2026-08-15
SKU01687,554,242,99,0,14,2026-08-15
SKU01688,17,54,16,0,14,2026-08-15
SKU01689,422,241,102,0,14,2026-08-15
SKU01690,187,112,30,0,14,2026-08-15
SKU01691,240,116,37,0,14,2026-08-15
SKU01692,82,63,19,0,14,2026-08-15
SKU01693,361,204,55,0,14,2026-08-15
SKU01694,209,81,18,0,14,2026-08-15
SKU01695,318,287,107,0,14,2026-08-15
SKU01696,7948,1848,649,0,14,2026-08-15
SKU01697,185,110,34,0,14,2026-08-15
SKU01698,83,120,29,0,14,2026-08-15
SKU01699,162,174,61,0,14,2026-08-15
SKU01700,92,63,29,0,14,2026-08-15
SKU01701,132,131,57,0,14,2026-08-15
SKU01702,202,196,81,0,14,2026-08-15
SKU01704,465,186,66,0,14,2026-08-15
SKU01705,89,94,23,0,14,2026-08-15
SKU01706,156,73,29,0,14,2026-08-15
SKU01707,71,25,12,0,14,2026-08-15
SKU01708,376,172,71,0,14,2026-08-15
SKU01710,56,22,10,0,14,2026-08-15
SKU01712,329,187,66,0,14,2026-08-15
SKU01713,168,166,42,0,14,2026-08-15
SKU01714,99,119,34,0,14,2026-08-15
SKU01715,333,186,75,0,14,2026-08-15
SKU01716,349,203,70,0,14,2026-08-15
SKU01717,5126,1161,429,0,14,2026-08-15
SKU01718,67,144,45,0,14,2026-08-15
SKU01719,287,97,33,0,14,2026-08-15
SKU01720,188,127,42,0,14,2026-08-15
SKU01721,82,87,28,0,14,2026-08-15
SKU01722,72,25,8,0,14,2026-08-15
SKU01723,254,107,38,0,14,2026-08-15
SKU01724,91,34,10,0,14,2026-08-15
SKU01725,148,147,46,0,14,2026-08-15
SKU01726,151,68,26,0,14,2026-08-15
SKU01727,132,64,19,0,14,2026-08-15
SKU01728,91,101,35,0,14,2026-08-15
SKU01729,486,227,87,0,14,2026-08-15
SKU01730,131,88,27,0,14,2026-08-15
SKU01731,102,50,24,0,14,2026-08-15
SKU01732,216,196,68,0,14,2026-08-15
SKU01733,149,118,43,0,14,2026-08-15
SKU01734,462,221,91,0,14,2026-08-15
SKU01735,331,129,47,0,14,2026-08-15
SKU01736,6,97,39,0,14,2026-08-15
SKU01738,96,64,24,0,14,2026-08-15
SKU01739,158,99,49,0,14,2026-08-15
SKU01740,146,109,45,0,14,2026-08-15
SKU01741,220,128,58,0,14,2026-08-15
SKU01742,128,87,32,0,14,2026-08-15
SKU01743,221,84,23,0,14,2026-08-15
SKU01744,152,91,24,0,14,2026-08-15
SKU01745,183,176,69,0,14,2026-08-15
SKU01746,369,185,47,0,14,2026-08-15
SKU01747,262,144,52,0,14,2026-08-15
SKU01748,361,184,61,0,14,2026-08-15
SKU01750,115,56,17,0,14,2026-08-15
SKU01751,170,1142,377,0,14,2026-08-15
SKU01752,107,184,66,0,14,2026-08-15
SKU01753,96,40,11,0,14,2026-08-15
SKU01754,7485,1574,568,0,14,2026-08-15
SKU01755,187,98,37,0,14,2026-08-15
SKU01756,872,408,159,0,14,2026-08-15
SKU01757,226,218,69,0,14,2026-08-15
SKU01758,112,65,30,0,14,2026-08-15
SKU01759,1,31,6,0,14,2026-08-15
SKU01760,117,119,46,0,14,2026-08-15
SKU01761,67,99,40,0,14,2026-08-15
SKU01762,3637,867,326,0,14,2026-08-15
SKU01764,322,114,47,0,14,2026-08-15
SKU01766,7095,1651,598,0,14,2026-08-15
SKU01767,109,60,12,0,14,2026-08-15
SKU01768,157,75,24,0,14,2026-08-15
SKU01769,246,107,50,0,14,2026-08-15
SKU01770,4354,1046,343,0,14,2026-08-15
SKU01771,91,90,27,0,14,2026-08-15
SKU01772,266,136,55,0,14,2026-08-15
SKU01773,39,85,37,0,14,2026-08-15
SKU01774,240,144,45,0,14,2026-08-15
SKU01775,397,924,340,0,14,2026-08-15
SKU01776,362,152,60,0,14,2026-08-15
SKU01777,175,196,69,0,14,2026-08-15
SKU01778,201,133,45,0,14,2026-08-15
SKU01779,216,73,18,0,14,2026-08-15
SKU01781,82,102,29,0,14,2026-08-15
SKU01782,169,99,25,0,14,2026-08-15
SKU01783,143,115,52,0,14,2026-08-15
SKU01784,0,600,211,0,14,2026-08-15
SKU01785,87,90,20,0,14,2026-08-15
SKU01786,160,232,97,0,14,2026-08-15
SKU01788,165,88,38,0,14,2026-08-15
SKU01790,239,172,57,0,14,2026-08-15
SKU01791,98,131,38,0,14,2026-08-15
SKU01792,7560,1629,548,0,14,2026-08-15
SKU01793,337,296,107,0,14,2026-08-15
SKU01794,74,88,31,0,14,2026-08-15
SKU01795,14,61,23,0,14,2026-08-15
SKU01796,73,47,12,0,14,2026-08-15
SKU01797,194,92,26,0,14,2026-08-15
SKU01798,221,110,30,0,14,2026-08-15
SKU01799,41,77,27,0,14,2026-08-15
SKU01800,45,64,26,0,14,2026-08-15
SKU01801,112,83,30,0,14,2026-08-15
SKU01802,261,174,49,0,14,2026-08-15
SKU01803,6009,1392,501,0,14,2026-08-15
SKU01804,233,171,55,0,14,2026-08-15
SKU01805,8409,1812,658,0,14,2026-08-15
SKU01807,86,37,10,0,14,2026-08-15
SKU01808,399,233,94,0,14,2026-08-15
SKU01809,1,44,18,0,14,2026-08-15
SKU01810,220,175,60,0,14,2026-08-15
SKU01811,65,49,20,0,14,2026-08-15
SKU01812,63,89,41,0,14,2026-08-15
SKU01814,61,73,27,0,14,2026-08-15
SKU01815,44,91,24,0,14,2026-08-15
SKU01816,54,22,10,0,14,2026-08-15
SKU01817,436,215,58,0,14,2026-08-15
SKU01818,6417,1473,500,0,14,2026-08-15
SKU01819,245,221,90,0,14,2026-08-15
SKU01820,335,151,57,0,14,2026-08-15
SKU01821,87,61,23,0,14,2026-08-15
SKU01822,8424,1799,663,0,14,2026-08-15
SKU01823,216,139,58,0,14,2026-08-15
SKU01824,164,59,12,0,14,2026-08-15
SKU01825,187,141,48,0,14,2026-08-15
SKU01826,43,37,11,0,14,2026-08-15
SKU01827,4950,1142,398,0,14,2026-08-15
SKU01828,76,35,15,0,14,2026-08-15
SKU01829,145,112,52,0,14,2026-08-15
SKU01830,6825,1438,522,0,14,2026-08-15
SKU01831,2,43,12,0,14,2026-08-15
SKU01832,313,124,45,0,14,2026-08-15
SKU01833,221,118,40,0,14,2026-08-15
SKU01834,215,125,46,0,14,2026-08-15
SKU01835,244,165,50,0,14,2026-08-15
SKU01836,126,67,26,0,14,2026-08-15
SKU01837,120,126,44,0,14,2026-08-15
SKU01838,374,164,67,0,14,2026-08-15
SKU01839,34,67,19,0,14,2026-08-15
SKU01840,344,163,50,0,14,2026-08-15
SKU01841,356,229,101,0,14,2026-08-15
SKU01842,72,173,67,0,14,2026-08-15
SKU01844,229,207,75,0,14,2026-08-15
SKU01845,198,90,33,0,14,2026-08-15
SKU01846,290,210,59,0,14,2026-08-15
SKU01847,92,45,15,0,14,2026-08-15
SKU01848,59,98,37,0,14,2026-08-15
SKU01849,201,216,74,0,14,2026-08-15
SKU01850,41,64,13,0,14,2026-08-15
SKU01853,27,40,17,0,14,2026-08-15
SKU01854,8415,1880,684,0,14,2026-08-15
SKU01855,26,52,16,0,14,2026-08-15
SKU01856,295,161,41,0,14,2026-08-15
SKU01857,364,140,48,0,14,2026-08-15
SKU01858,98,62,16,0,14,2026-08-15
SKU01859,421,213,101,0,14,2026-08-15
SKU01860,28,67,33,0,14,2026-08-15
SKU01861,417,242,103,0,14,2026-08-15
SKU01862,402,259,103,0,14,2026-08-15
SKU01863,4531,992,375,0,14,2026-08-15
SKU01864,130,59,27,0,14,2026-08-15
SKU01865,359,225,89,0,14,2026-08-15
SKU01867,409,153,51,0,14,2026-08-15
SKU01868,274,127,55,0,14,2026-08-15
SKU01869,286,149,51,0,14,2026-08-15
SKU01870,152,94,26,0,14,2026-08-15
SKU01871,40,95,19,0,14,2026-08-15
SKU01872,157,91,36,0,14,2026-08-15
SKU01874,4326,957,347,0,14,2026-08-15
SKU01875,370,168,73,0,14,2026-08-15
SKU01876,95,83,38,0,14,2026-08-15
SKU01877,188,139,46,0,14,2026-08-15
SKU01878,118,153,50,0,14,2026-08-15
SKU01879,447,178,67,0,14,2026-08-15
SKU01880,5011,1081,389,0,14,2026-08-15
SKU01881,295,122,33,0,14,2026-08-15
SKU01882,130,120,30,0,14,2026-08-15
SKU01883,305,146,57,0,14,2026-08-15
SKU01884,395,243,106,0,14,2026-08-15
SKU01885,193,224,77,0,14,2026-08-15
SKU01886,96,66,22,0,14,2026-08-15
SKU01887,192,137,52,0,14,2026-08-15
SKU01888,179,248,79,0,14,2026-08-15
SKU01889,213,229,86,0,14,2026-08-15
SKU01891,562,222,74,0,14,2026-08-15
SKU01892,62,182,52,0,14,2026-08-15
SKU01893,259,165,57,0,14,2026-08-15
SKU01895,459,228,84,0,14,2026-08-15
SKU01896,151,137,64,0,14,2026-08-15
SKU01897,356,157,60,0,14,2026-08-15
SKU01898,173,138,50,0,14,2026-08-15
SKU01899,152,119,41,0,14,2026-08-15
SKU01900,701,355,128,0,14,2026-08-15
SKU01901,231,130,47,0,14,2026-08-15
SKU01902,291,191,66,0,14,2026-08-15
SKU01903,142,60,14,0,14,2026-08-15
SKU01904,165,85,34,0,14,2026-08-15
SKU01905,438,366,130,0,14,2026-08-15
SKU01906,4300,1005,350,0,14,2026-08-15
SKU01908,106,46,17,0,14,2026-08-15
SKU01909,83,147,45,0,14,2026-08-15
SKU01911,6157,1354,465,0,14,2026-08-15
SKU01912,92,135,47,0,14,2026-08-15
SKU01913,76,102,35,0,14,2026-08-15
SKU01914,132,95,34,0,14,2026-08-15
SKU01915,447,370,132,0,14,2026-08-15
SKU01916,324,160,61,0,14,2026-08-15
SKU01917,264,188,42,0,14,2026-08-15
SKU01918,166,56,17,0,14,2026-08-15
SKU01919,5766,1372,489,0,14,2026-08-15
SKU01920,207,195,61,0,14,2026-08-15
SKU01921,158,109,41,0,14,2026-08-15
SKU01922,62,26,10,0,14,2026-08-15
SKU01923,619,376,120,0,14,2026-08-15
SKU01924,68,26,8,0,14,2026-08-15
SKU01925,25,106,31,0,14,2026-08-15
SKU01927,21,22,9,0,14,2026-08-15
SKU01928,155,174,72,0,14,2026-08-15
SKU01930,117,181,67,0,14,2026-08-15
SKU01931,110,78,22,0,14,2026-08-15
SKU01932,98,36,11,0,14,2026-08-15
SKU01933,104,152,52,0,14,2026-08-15
SKU01934,434,228,92,0,14,2026-08-15
SKU01935,19,40,15,0,14,2026-08-15
SKU01936,101,79,16,0,14,2026-08-15
SKU01937,239,105,32,0,14,2026-08-15
SKU01938,160,111,41,0,14,2026-08-15
SKU01939,6142,1463,501,0,14,2026-08-15
SKU01940,308,116,39,0,14,2026-08-15
SKU01941,98,36,8,0,14,2026-08-15
SKU01942,208,147,43,0,14,2026-08-15
SKU01943,150,197,67,0,14,2026-08-15
SKU01944,455,191,75,0,14,2026-08-15
SKU01945,306,242,96,0,14,2026-08-15
SKU01946,146,62,27,0,14,2026-08-15
SKU01947,248,126,36,0,14,2026-08-15
SKU01948,148,99,40,0,14,2026-08-15
SKU01949,652,359,114,0,14,2026-08-15
SKU01950,480,259,100,0,14,2026-08-15
SKU01951,112,122,49,0,14,2026-08-15
SKU01952,80,67,23,0,14,2026-08-15
SKU01953,288,149,65,0,14,2026-08-15
SKU01954,102,65,19,0,14,2026-08-15
SKU01955,518,353,111,0,14,2026-08-15
SKU01956,148,64,28,0,14,2026-08-15
SKU01958,67,65,32,0,14,2026-08-15
SKU01960,127,85,29,0,14,2026-08-15
SKU01962,403,287,110,0,14,2026-08-15
SKU01963,295,182,78,0,14,2026-08-15
SKU01964,125,67,23,0,14,2026-08-15
SKU01965,18,83,20,0,14,2026-08-15
SKU01966,158,88,25,0,14,2026-08-15
SKU01967,280,166,61,0,14,2026-08-15
SKU01968,155,159,42,0,14,2026-08-15
SKU01969,195,73,22,0,14,2026-08-15
SKU01970,7665,1735,582,0,14,2026-08-15
SKU01971,7448,1704,558,0,14,2026-08-15
SKU01972,183,66,26,0,14,2026-08-15
SKU01974,135,108,35,0,14,2026-08-15
SKU01975,51,26,12,0,14,2026-08-15
SKU01976,220,246,104,0,14,2026-08-15
SKU01977,319,212,67,0,14,2026-08-15
SKU01978,180,70,15,0,14,2026-08-15
SKU01979,75,48,24,0,14,2026-08-15
SKU01981,7589,1724,560,0,14,2026-08-15
SKU01982,236,123,32,0,14,2026-08-15
SKU01983,192,78,22,0,14,2026-08-15
SKU01984,163,118,46,0,14,2026-08-15
SKU01986,75,30,7,0,14,2026-08-15
SKU01987,11,23,6,0,14,2026-08-15
SKU01988,290,678,253,0,14,2026-08-15
SKU01989,421,183,64,0,14,2026-08-15
SKU01990,44,35,15,0,14,2026-08-15
SKU01991,133,144,48,0,14,2026-08-15
SKU01992,75,45,22,0,14,2026-08-15
SKU01993,0,486,170,0,14,2026-08-15
SKU01994,374,184,53,0,14,2026-08-15
SKU01995,216,81,19,0,14,2026-08-15
SKU01996,68,158,74,0,14,2026-08-15
SKU01997,243,94,43,0,14,2026-08-15
SKU01999,69,40,20,0,14,2026-08-15
SKU02000,325,214,81,0,14,2026-08-15
SKU02001,293,124,27,0,14,2026-08-15
SKU02002,76,32,15,0,14,2026-08-15
SKU02004,82,42,14,0,14,2026-08-15
SKU02005,66,47,13,0,14,2026-08-15
SKU02007,409,218,92,0,14,2026-08-15
SKU02009,77,187,87,0,14,2026-08-15
SKU02010,441,244,98,0,14,2026-08-15
SKU02011,280,137,47,0,14,2026-08-15
SKU02012,138,93,21,0,14,2026-08-15
SKU02013,123,125,55,0,14,2026-08-15
SKU02014,102,46,23,0,14,2026-08-15
SKU02015,228,226,79,0,14,2026-08-15
SKU02016,127,286,114,0,14,2026-08-15
SKU02017,263,98,37,0,14,2026-08-15
SKU02018,318,126,54,0,14,2026-08-15
SKU02019,17,22,7,0,14,2026-08-15
SKU02020,163,84,36,0,14,2026-08-15
SKU02021,122,138,50,0,14,2026-08-15
SKU02022,82,125,50,0,14,2026-08-15
SKU02023,84,33,12,0,14,2026-08-15
SKU02024,147,99,26,0,14,2026-08-15
SKU02025,255,173,52,0,14,2026-08-15
SKU02026,26,35,8,0,14,2026-08-15
SKU02027,26,67,17,0,14,2026-08-15
SKU02028,211,114,31,0,14,2026-08-15
SKU02029,418,191,64,0,14,2026-08-15
SKU02030,222,187,66,0,14,2026-08-15
SKU02031,76,124,40,0,14,2026-08-15
SKU02032,290,98,35,0,14,2026-08-15
SKU02033,46,87,36,0,14,2026-08-15
SKU02034,84,78,31,0,14,2026-08-15
SKU02035,106,46,13,0,14,2026-08-15
SKU02037,143,133,49,0,14,2026-08-15
SKU02038,5774,1416,449,0,14,2026-08-15
SKU02039,173,112,42,0,14,2026-08-15
SKU02040,99,214,87,0,14,2026-08-15
SKU02042,252,162,62,0,14,2026-08-15
SKU02044,199,140,51,0,14,2026-08-15
SKU02045,76,26,11,0,14,2026-08-15
SKU02046,50,1054,331,0,14,2026-08-15
SKU02047,362,177,64,0,14,2026-08-15
SKU02048,400,250,99,0,14,2026-08-15
SKU02050,90,177,59,0,14,2026-08-15
SKU02051,103,221,77,0,14,2026-08-15
SKU02052,296,158,53,0,14,2026-08-15
SKU02053,138,62,23,0,14,2026-08-15
SKU02054,126,80,26,0,14,2026-08-15
SKU02055,4355,1011,347,0,14,2026-08-15
SKU02056,105,41,13,0,14,2026-08-15
SKU02057,7224,1559,595,0,14,2026-08-15
SKU02058,166,92,26,0,14,2026-08-15
SKU02061,62,26,10,0,14,2026-08-15
SKU02062,63,39,9,0,14,2026-08-15
SKU02063,382,225,69,0,14,2026-08-15
SKU02064,7493,1708,598,0,14,2026-08-15
SKU02065,326,249,81,0,14,2026-08-15
SKU02067,155,193,46,0,14,2026-08-15
SKU02068,53,882,327,0,14,2026-08-15
SKU02070,4564,1016,339,0,14,2026-08-15
SKU02071,365,285,129,0,14,2026-08-15
SKU02072,236,94,31,0,14,2026-08-15
SKU02073,4,82,34,0,14,2026-08-15
SKU02074,82,62,19,0,14,2026-08-15
SKU02075,260,148,54,0,14,2026-08-15
SKU02076,30,51,19,0,14,2026-08-15
SKU02077,4,31,13,0,14,2026-08-15
SKU02078,228,98,29,0,14,2026-08-15
SKU02079,1,954,347,0,14,2026-08-15
SKU02080,163,114,27,0,14,2026-08-15
SKU02081,92,86,34,0,14,2026-08-15
SKU02082,73,97,34,0,14,2026-08-15
SKU02083,89,119,33,0,14,2026-08-15
SKU02084,239,126,34,0,14,2026-08-15
SKU02085,427,175,54,0,14,2026-08-15
SKU02087,159,170,67,0,14,2026-08-15
SKU02088,43,923,340,0,14,2026-08-15
SKU02089,163,93,30,0,14,2026-08-15
SKU02090,712,361,113,0,14,2026-08-15
SKU02091,557,288,99,0,14,2026-08-15
SKU02092,380,173,55,0,14,2026-08-15
SKU02093,267,108,28,0,14,2026-08-15
SKU02094,4523,1048,360,0,14,2026-08-15
SKU02095,235,87,29,0,14,2026-08-15
SKU02096,61,135,62,0,14,2026-08-15
SKU02097,57,73,30,0,14,2026-08-15
SKU02099,388,238,86,0,14,2026-08-15
SKU02100,469,199,64,0,14,2026-08-15
SKU02101,70,84,31,0,14,2026-08-15
SKU02103,152,57,20,0,14,2026-08-15
SKU02104,126,85,22,0,14,2026-08-15
SKU02105,218,178,62,0,14,2026-08-15
SKU02106,44,81,27,0,14,2026-08-15
SKU02107,345,264,85,0,14,2026-08-15
SKU02108,115,52,20,0,14,2026-08-15
SKU02109,49,204,84,0,14,2026-08-15
SKU02110,297,157,61,0,14,2026-08-15
SKU02111,35,62,16,0,14,2026-08-15
SKU02112,7534,1734,567,0,14,2026-08-15
SKU02113,175,98,45,0,14,2026-08-15
SKU02114,5500,1378,483,0,14,2026-08-15
SKU02115,713,273,95,0,14,2026-08-15
SKU02116,265,172,55,0,14,2026-08-15
SKU02117,81,100,46,0,14,2026-08-15
SKU02118,1,33,10,0,14,2026-08-15
SKU02119,43,42,16,0,14,2026-08-15
SKU02120,151,258,72,0,14,2026-08-15
SKU02121,50,160,64,0,14,2026-08-15
SKU02122,132,136,59,0,14,2026-08-15
SKU02123,265,159,70,0,14,2026-08-15
SKU02124,126,57,12,0,14,2026-08-15
SKU02125,109,48,17,0,14,2026-08-15
SKU02126,69,52,22,0,14,2026-08-15
SKU02127,2,59,14,0,14,2026-08-15
SKU02128,4607,1056,339,0,14,2026-08-15
SKU02129,8077,1876,640,0,14,2026-08-15
SKU02130,160,225,74,0,14,2026-08-15
SKU02131,173,84,31,0,14,2026-08-15
SKU02132,146,187,69,0,14,2026-08-15
SKU02133,56,41,13,0,14,2026-08-15
SKU02134,116,60,17,0,14,2026-08-15
SKU02135,144,79,17,0,14,2026-08-15
SKU02136,160,185,49,0,14,2026-08-15
SKU02137,179,69,34,0,14,2026-08-15
SKU02138,175,131,51,0,14,2026-08-15
SKU02139,207,89,27,0,14,2026-08-15
SKU02140,94,58,19,0,14,2026-08-15
SKU02141,208,605,232,0,14,2026-08-15
SKU02142,5450,1278,462,0,14,2026-08-15
SKU02143,191,182,76,0,14,2026-08-15
SKU02144,83,36,13,0,14,2026-08-15
SKU02145,381,287,85,0,14,2026-08-15
SKU02146,13,67,29,0,14,2026-08-15
SKU02147,99,91,25,0,14,2026-08-15
SKU02148,301,169,63,0,14,2026-08-15
SKU02149,250,194,78,0,14,2026-08-15
SKU02150,23,26,8,0,14,2026-08-15
SKU02151,219,232,76,0,14,2026-08-15
SKU02152,88,88,32,0,14,2026-08-15
SKU02153,351,159,47,0,14,2026-08-15
SKU02154,481,330,111,0,14,2026-08-15
SKU02155,66,622,216,0,14,2026-08-15
SKU02156,490,352,99,0,14,2026-08-15
SKU02157,78,47,21,0,14,2026-08-15
SKU02159,86,42,14,0,14,2026-08-15
SKU02160,137,47,14,0,14,2026-08-15
SKU02161,206,69,17,0,14,2026-08-15
SKU02162,46,56,22,0,14,2026-08-15
SKU02163,282,96,38,0,14,2026-08-15
SKU02164,7760,1809,632,0,14,2026-08-15
SKU02166,160,174,44,0,14,2026-08-15
SKU02167,202,98,31,0,14,2026-08-15
SKU02168,183,80,17,0,14,2026-08-15
SKU02169,634,311,118,0,14,2026-08-15
SKU02171,357,199,69,0,14,2026-08-15
SKU02172,0,59,23,0,14,2026-08-15
SKU02173,216,94,35,0,14,2026-08-15
SKU02175,88,120,46,0,14,2026-08-15
SKU02176,196,773,249,0,14,2026-08-15
SKU02177,163,70,25,0,14,2026-08-15
SKU02178,64,54,14,0,14,2026-08-15
SKU02179,487,298,98,0,14,2026-08-15
SKU02180,232,223,77,0,14,2026-08-15
SKU02182,80,56,21,0,14,2026-08-15
SKU02183,134,104,39,0,14,2026-08-15
SKU02184,231,164,66,0,14,2026-08-15
SKU02185,102,73,21,0,14,2026-08-15
SKU02186,92,54,18,0,14,2026-08-15
SKU02187,126,80,34,0,14,2026-08-15
SKU02188,67,46,16,0,14,2026-08-15
SKU02189,137,119,39,0,14,2026-08-15
SKU02190,156,84,26,0,14,2026-08-15
SKU02191,274,124,40,0,14,2026-08-15
SKU02192,405,202,88,0,14,2026-08-15
SKU02193,125,57,22,0,14,2026-08-15
SKU02194,208,84,36,0,14,2026-08-15
SKU02195,382,272,87,0,14,2026-08-15
SKU02196,200,112,40,0,14,2026-08-15
SKU02197,269,210,78,0,14,2026-08-15
SKU02198,26,132,47,0,14,2026-08-15
SKU02199,288,183,76,0,14,2026-08-15
SKU02200,114,72,15,0,14,2026-08-15
SKU02201,364,171,53,0,14,2026-08-15
SKU02202,16,38,8,0,14,2026-08-15
SKU02203,98,138,47,0,14,2026-08-15
SKU02204,219,156,60,0,14,2026-08-15
SKU02205,7693,1642,512,0,14,2026-08-15
SKU02206,91,109,34,0,14,2026-08-15
SKU02207,215,150,68,0,14,2026-08-15
SKU02208,358,153,43,0,14,2026-08-15
SKU02209,7739,1665,570,0,14,2026-08-15
SKU02210,255,125,44,0,14,2026-08-15
SKU02211,7710,1721,526,0,14,2026-08-15
SKU02213,321,206,89,0,14,2026-08-15
SKU02214,86,128,44,0,14,2026-08-15
SKU02216,150,158,47,0,14,2026-08-15
SKU02217,7628,1726,603,0,14,2026-08-15
SKU02218,11,73,26,0,14,2026-08-15
SKU02219,64,115,47,0,14,2026-08-15
SKU02220,279,328,96,0,14,2026-08-15
SKU02221,6210,1383,502,0,14,2026-08-15
SKU02222,66,146,55,0,14,2026-08-15
SKU02223,316,135,44,0,14,2026-08-15
SKU02224,4419,921,330,0,14,2026-08-15
SKU02226,17,25,6,0,14,2026-08-15
SKU02227,247,261,102,0,14,2026-08-15
SKU02228,310,235,74,0,14,2026-08-15
SKU02229,300,259,97,0,14,2026-08-15
SKU02230,127,171,53,0,14,2026-08-15
SKU02234,518,298,82,0,14,2026-08-15
SKU02235,114,104,46,0,14,2026-08-15
SKU02236,44,26,7,0,14,2026-08-15
SKU02237,28,26,6,0,14,2026-08-15
SKU02238,207,279,93,0,14,2026-08-15
SKU02239,250,117,33,0,14,2026-08-15
SKU02240,145,120,44,0,14,2026-08-15
SKU02241,224,86,34,0,14,2026-08-15
SKU02242,163,212,85,0,14,2026-08-15
SKU02243,155,197,77,0,14,2026-08-15
SKU02244,165,172,80,0,14,2026-08-15
SKU02245,286,326,85,0,14,2026-08-15
SKU02246,238,85,40,0,14,2026-08-15
SKU02247,0,904,284,0,14,2026-08-15
SKU02248,385,182,66,0,14,2026-08-15
SKU02249,59,27,10,0,14,2026-08-15
SKU02250,23,72,33,0,14,2026-08-15
SKU02252,93,94,38,0,14,2026-08-15
SKU02253,7801,1763,585,0,14,2026-08-15
SKU02254,104,72,30,0,14,2026-08-15
SKU02257,310,170,46,0,14,2026-08-15
SKU02258,120,136,42,0,14,2026-08-15
SKU02259,148,97,43,0,14,2026-08-15
SKU02261,168,65,26,0,14,2026-08-15
SKU02262,255,144,57,0,14,2026-08-15
SKU02263,56,20,5,0,14,2026-08-15
SKU02264,154,154,54,0,14,2026-08-15
SKU02265,143,163,62,0,14,2026-08-15
SKU02267,8578,1829,647,0,14,2026-08-15
SKU02268,291,1127,410,0,14,2026-08-15
SKU02269,451,294,92,0,14,2026-08-15
SKU02270,297,233,93,0,14,2026-08-15
SKU02271,459,336,105,0,14,2026-08-15
SKU02272,71,27,10,0,14,2026-08-15
SKU02273,396,185,55,0,14,2026-08-15
SKU02274,109,90,39,0,14,2026-08-15
SKU02275,121,45,14,0,14,2026-08-15
SKU02276,20,27,8,0,14,2026-08-15
SKU02277,4683,1149,391,0,14,2026-08-15
SKU02278,96,63,26,0,14,2026-08-15
SKU02279,7649,1794,643,0,14,2026-08-15
SKU02280,130,63,31,0,14,2026-08-15
SKU02282,123,81,39,0,14,2026-08-15
SKU02283,629,335,106,0,14,2026-08-15
SKU02284,427,201,62,0,14,2026-08-15
SKU02286,39,23,5,0,14,2026-08-15
SKU02287,338,227,63,0,14,2026-08-15
SKU02288,277,141,50,0,14,2026-08-15
SKU02289,121,260,107,0,14,2026-08-15
SKU02290,125,85,20,0,14,2026-08-15
SKU02292,152,89,24,0,14,2026-08-15
SKU02293,281,147,66,0,14,2026-08-15
SKU02295,412,293,93,0,14,2026-08-15
SKU02296,299,148,56,0,14,2026-08-15
SKU02297,97,101,35,0,14,2026-08-15
SKU02298,438,266,101,0,14,2026-08-15
SKU02299,164,147,61,0,14,2026-08-15
SKU02300,147,81,21,0,14,2026-08-15
SKU02301,155,120,42,0,14,2026-08-15
SKU02302,5609,1362,527,0,14,2026-08-15
SKU02303,132,65,22,0,14,2026-08-15
SKU02304,398,173,71,0,14,2026-08-15
SKU02305,262,134,46,0,14,2026-08-15
SKU02307,270,211,88,0,14,2026-08-15
SKU02308,435,190,89,0,14,2026-08-15
SKU02309,67,96,35,0,14,2026-08-15
SKU02310,1,72,36,0,14,2026-08-15
SKU02311,675,376,120,0,14,2026-08-15
SKU02312,529,346,126,0,14,2026-08-15
SKU02313,309,228,78,0,14,2026-08-15
SKU02314,32,79,28,0,14,2026-08-15
SKU02315,291,138,39,0,14,2026-08-15
SKU02316,96,67,18,0,14,2026-08-15
SKU02317,266,153,50,0,14,2026-08-15
SKU02318,109,128,49,0,14,2026-08-15
SKU02319,247,141,39,0,14,2026-08-15
SKU02320,165,65,22,0,14,2026-08-15
SKU02321,205,71,35,0,14,2026-08-15
SKU02323,273,112,47,0,14,2026-08-15
SKU02324,28,115,53,0,14,2026-08-15
SKU02325,213,90,39,0,14,2026-08-15
SKU02326,126,228,84,0,14,2026-08-15
SKU02327,167,125,48,0,14,2026-08-15
SKU02328,27,87,33,0,14,2026-08-15
SKU02329,204,231,74,0,14,2026-08-15
SKU02330,396,255,111,0,14,2026-08-15
SKU02332,158,117,48,0,14,2026-08-15
SKU02333,280,789,259,0,14,2026-08-15
SKU02334,295,161,52,0,14,2026-08-15
SKU02336,123,183,62,0,14,2026-08-15
SKU02337,200,159,72,0,14,2026-08-15
SKU02339,71,41,20,0,14,2026-08-15
SKU02340,0,993,324,0,14,2026-08-15
SKU02341,290,107,51,0,14,2026-08-15
SKU02342,137,129,42,0,14,2026-08-15
SKU02343,242,197,81,0,14,2026-08-15
SKU02344,71,80,24,0,14,2026-08-15
SKU02345,312,169,78,0,14,2026-08-15
SKU02346,203,91,36,0,14,2026-08-15
SKU02347,15,42,10,0,14,2026-08-15
SKU02348,3,22,10,0,14,2026-08-15
SKU02349,477,324,123,0,14,2026-08-15
SKU02350,304,125,33,0,14,2026-08-15
SKU02351,6398,1398,470,0,14,2026-08-15
SKU02352,218,114,28,0,14,2026-08-15
SKU02353,239,145,34,0,14,2026-08-15
SKU02354,174,71,23,0,14,2026-08-15
SKU02355,92,678,248,0,14,2026-08-15
SKU02356,345,162,64,0,14,2026-08-15
SKU02357,451,276,110,0,14,2026-08-15
SKU02358,363,171,59,0,14,2026-08-15
SKU02359,266,100,21,0,14,2026-08-15
SKU02360,284,142,54,0,14,2026-08-15
SKU02361,204,133,42,0,14,2026-08-15
SKU02362,462,249,85,0,14,2026-08-15
SKU02363,242,140,45,0,14,2026-08-15
SKU02364,68,110,35,0,14,2026-08-15
SKU02365,645,268,86,0,14,2026-08-15
SKU02367,311,189,68,0,14,2026-08-15
SKU02368,1,1058,333,0,14,2026-08-15
SKU02369,39,31,15,0,14,2026-08-15
SKU02370,32,153,37,0,14,2026-08-15
SKU02371,132,109,43,0,14,2026-08-15
SKU02373,79,87,26,0,14,2026-08-15
SKU02374,227,132,51,0,14,2026-08-15
SKU02375,5481,1217,426,0,14,2026-08-15
SKU02376,6046,1428,474,0,14,2026-08-15
SKU02377,270,190,61,0,14,2026-08-15
SKU02378,115,175,52,0,14,2026-08-15
SKU02379,261,196,75,0,14,2026-08-15
SKU02380,365,191,48,0,14,2026-08-15
SKU02381,234,1013,367,0,14,2026-08-15
SKU02382,249,147,48,0,14,2026-08-15
SKU02383,173,68,26,0,14,2026-08-15
SKU02384,74,30,11,0,14,2026-08-15
SKU02385,72,72,27,0,14,2026-08-15
SKU02386,5236,1194,445,0,14,2026-08-15
SKU02387,6953,1617,582,0,14,2026-08-15
SKU02388,114,85,34,0,14,2026-08-15
SKU02389,241,201,65,0,14,2026-08-15
SKU02390,103,56,17,0,14,2026-08-15
SKU02391,137,75,30,0,14,2026-08-15
SKU02392,125,69,31,0,14,2026-08-15
SKU02393,152,102,31,0,14,2026-08-15
SKU02394,192,196,74,0,14,2026-08-15
SKU02395,121,65,24,0,14,2026-08-15
SKU02396,157,128,37,0,14,2026-08-15
SKU02397,355,155,51,0,14,2026-08-15
SKU02398,135,84,19,0,14,2026-08-15
SKU02399,226,119,44,0,14,2026-08-15
SKU02401,85,638,252,0,14,2026-08-15
SKU02402,466,186,79,0,14,2026-08-15
SKU02403,221,111,32,0,14,2026-08-15
SKU02404,219,177,52,0,14,2026-08-15
SKU02406,456,275,97,0,14,2026-08-15
SKU02407,137,200,83,0,14,2026-08-15
SKU02408,5128,1031,328,0,14,2026-08-15
SKU02409,26,94,38,0,14,2026-08-15
SKU02410,711,332,104,0,14,2026-08-15
SKU02412,158,92,34,0,14,2026-08-15
SKU02413,475,249,71,0,14,2026-08-15
SKU02414,31,53,14,0,14,2026-08-15
SKU02416,187,140,52,0,14,2026-08-15
SKU02417,169,100,34,0,14,2026-08-15
SKU02418,66,92,38,0,14,2026-08-15
SKU02419,29,29,6,0,14,2026-08-15
SKU02420,105,53,19,0,14,2026-08-15
SKU02421,7292,1630,616,0,14,2026-08-15
SKU02422,151,55,27,0,14,2026-08-15
SKU02423,382,223,72,0,14,2026-08-15
SKU02424,326,187,51,0,14,2026-08-15
SKU02425,169,177,65,0,14,2026-08-15
SKU02426,139,79,39,0,14,2026-08-15
SKU02427,419,433,139,0,14,2026-08-15
SKU02428,335,241,89,0,14,2026-08-15
SKU02429,78,91,39,0,14,2026-08-15
SKU02431,121,45,21,0,14,2026-08-15
SKU02432,89,90,37,0,14,2026-08-15
SKU02433,191,306,114,0,14,2026-08-15
SKU02434,203,100,39,0,14,2026-08-15
SKU02435,118,51,17,0,14,2026-08-15
SKU02436,152,101,36,0,14,2026-08-15
SKU02437,165,63,16,0,14,2026-08-15
SKU02438,389,169,67,0,14,2026-08-15
SKU02439,354,184,73,0,14,2026-08-15
SKU02440,391,149,67,0,14,2026-08-15
SKU02441,112,45,15,0,14,2026-08-15
SKU02442,307,282,99,0,14,2026-08-15
SKU02444,105,192,62,0,14,2026-08-15
SKU02445,184,64,25,0,14,2026-08-15
SKU02446,229,108,33,0,14,2026-08-15
SKU02447,188,96,39,0,14,2026-08-15
SKU02448,627,322,107,0,14,2026-08-15
SKU02449,147,1025,308,0,14,2026-08-15
SKU02450,511,234,100,0,14,2026-08-15
SKU02451,218,80,18,0,14,2026-08-15
SKU02452,259,182,60,0,14,2026-08-15
SKU02453,12,22,6,0,14,2026-08-15
SKU02454,185,193,52,0,14,2026-08-15
SKU02455,480,208,82,0,14,2026-08-15
SKU02456,305,132,49,0,14,2026-08-15
SKU02457,210,194,62,0,14,2026-08-15
SKU02458,113,89,36,0,14,2026-08-15
SKU02459,218,88,36,0,14,2026-08-15
SKU02461,38,24,10,0,14,2026-08-15
SKU02462,79,775,231,0,14,2026-08-15
SKU02463,321,142,32,0,14,2026-08-15
SKU02464,85,29,6,0,14,2026-08-15
SKU02465,197,199,70,0,14,2026-08-15
SKU02466,127,56,14,0,14,2026-08-15
SKU02467,191,154,50,0,14,2026-08-15
SKU02469,263,189,65,0,14,2026-08-15
SKU02470,101,72,27,0,14,2026-08-15
SKU02471,7405,1598,539,0,14,2026-08-15
SKU02472,5930,1309,457,0,14,2026-08-15
SKU02473,246,227,100,0,14,2026-08-15
SKU02475,234,195,87,0,14,2026-08-15
SKU02476,197,128,53,0,14,2026-08-15
SKU02477,33,43,19,0,14,2026-08-15
SKU02478,146,122,43,0,14,2026-08-15
SKU02479,29,100,27,0,14,2026-08-15
SKU02481,294,249,78,0,14,2026-08-15
SKU02482,1,924,311,0,14,2026-08-15
SKU02483,247,130,46,0,14,2026-08-15
SKU02484,167,1069,383,0,14,2026-08-15
SKU02485,89,145,64,0,14,2026-08-15
SKU02486,15,172,79,0,14,2026-08-15
SKU02487,181,217,68,0,14,2026-08-15
SKU02488,351,331,114,0,14,2026-08-15
SKU02491,21,26,5,0,14,2026-08-15
SKU02492,162,166,46,0,14,2026-08-15
SKU02493,696,378,141,0,14,2026-08-15
SKU02494,440,234,91,0,14,2026-08-15
SKU02496,196,124,48,0,14,2026-08-15
SKU02497,139,84,19,0,14,2026-08-15
SKU02498,138,67,16,0,14,2026-08-15
SKU02500,8307,1935,641,0,14,2026-08-15
SKU02501,5819,1276,468,0,14,2026-08-15
SKU02502,486,370,126,0,14,2026-08-15
SKU02503,0,672,236,0,14,2026-08-15
SKU02504,215,137,40,0,14,2026-08-15
SKU02506,24,91,40,0,14,2026-08-15
SKU02507,64,40,15,0,14,2026-08-15
SKU02508,620,348,109,0,14,2026-08-15
SKU02509,187,154,46,0,14,2026-08-15
SKU02510,349,148,56,0,14,2026-08-15
SKU02511,361,164,61,0,14,2026-08-15
SKU02512,368,228,88,0,14,2026-08-15
SKU02513,439,291,88,0,14,2026-08-15
SKU02514,6863,1500,450,0,14,2026-08-15
SKU02515,162,106,36,0,14,2026-08-15
SKU02516,271,207,71,0,14,2026-08-15
SKU02517,265,94,45,0,14,2026-08-15
SKU02518,11,26,7,0,14,2026-08-15
SKU02519,6960,1557,551,0,14,2026-08-15
SKU02520,6157,1522,493,0,14,2026-08-15
SKU02521,84,34,8,0,14,2026-08-15
SKU02522,352,155,46,0,14,2026-08-15
SKU02523,464,306,86,0,14,2026-08-15
SKU02524,116,58,25,0,14,2026-08-15
SKU02525,41,47,22,0,14,2026-08-15
SKU02526,130,697,263,0,14,2026-08-15
SKU02527,136,140,49,0,14,2026-08-15
SKU02528,67,132,39,0,14,2026-08-15
SKU02529,248,198,65,0,14,2026-08-15
SKU02530,206,177,71,0,14,2026-08-15
SKU02531,77,1267,490,0,14,2026-08-15
SKU02532,144,858,314,0,14,2026-08-15
SKU02533,5868,1304,427,0,14,2026-08-15
SKU02534,61,28,12,0,14,2026-08-15
SKU02535,249,187,71,0,14,2026-08-15
SKU02536,88,79,18,0,14,2026-08-15
SKU02537,142,176,80,0,14,2026-08-15
SKU02538,201,1179,366,0,14,2026-08-15
SKU02539,263,140,54,0,14,2026-08-15
SKU02540,20,41,14,0,14,2026-08-15
SKU02541,6617,1492,582,0,14,2026-08-15
SKU02542,214,220,66,0,14,2026-08-15
SKU02543,0,1053,391,0,14,2026-08-15
SKU02544,339,246,86,0,14,2026-08-15
SKU02546,81,94,42,0,14,2026-08-15
SKU02549,262,145,50,0,14,2026-08-15
SKU02550,86,75,23,0,14,2026-08-15
SKU02551,129,119,51,0,14,2026-08-15
SKU02552,301,183,62,0,14,2026-08-15
SKU02553,14,25,8,0,14,2026-08-15
SKU02554,267,188,66,0,14,2026-08-15
SKU02555,236,123,51,0,14,2026-08-15
SKU02556,315,190,51,0,14,2026-08-15
SKU02557,149,107,33,0,14,2026-08-15
SKU02558,5251,1220,422,0,14,2026-08-15
SKU02559,27,77,27,0,14,2026-08-15
SKU02560,100,75,29,0,14,2026-08-15
SKU02561,231,114,29,0,14,2026-08-15
SKU02562,109,129,45,0,14,2026-08-15
SKU02563,6,112,42,0,14,2026-08-15
SKU02564,400,167,61,0,14,2026-08-15
SKU02565,183,63,31,0,14,2026-08-15
SKU02566,72,65,29,0,14,2026-08-15
SKU02567,5426,1290,458,0,14,2026-08-15
SKU02568,38,30,11,0,14,2026-08-15
SKU02570,3898,980,310,0,14,2026-08-15
SKU02572,334,125,41,0,14,2026-08-15
SKU02573,270,209,63,0,14,2026-08-15
SKU02574,82,61,22,0,14,2026-08-15
SKU02575,315,179,45,0,14,2026-08-15
SKU02576,4146,936,318,0,14,2026-08-15
SKU02577,191,154,65,0,14,2026-08-15
SKU02578,466,215,68,0,14,2026-08-15
SKU02579,17,63,14,0,14,2026-08-15
SKU02580,5372,1312,470,0,14,2026-08-15
SKU02581,73,41,17,0,14,2026-08-15
SKU02582,155,134,56,0,14,2026-08-15
SKU02584,7023,1443,477,0,14,2026-08-15
SKU02585,186,107,36,0,14,2026-08-15
SKU02586,211,129,45,0,14,2026-08-15
SKU02587,158,92,20,0,14,2026-08-15
SKU02590,6176,1384,507,0,14,2026-08-15
SKU02591,46,74,25,0,14,2026-08-15
SKU02592,30,38,9,0,14,2026-08-15
SKU02593,237,195,75,0,14,2026-08-15
SKU02594,80,67,27,0,14,2026-08-15
SKU02595,84,61,17,0,14,2026-08-15
SKU02596,68,99,40,0,14,2026-08-15
SKU02597,175,99,35,0,14,2026-08-15
SKU02598,43,174,66,0,14,2026-08-15
SKU02599,20,33,13,0,14,2026-08-15
SKU02600,212,233,93,0,14,2026-08-15
SKU02601,226,76,22,0,14,2026-08-15
SKU02602,0,32,11,0,14,2026-08-15
SKU02603,522,280,77,0,14,2026-08-15
SKU02604,49,36,11,0,14,2026-08-15
SKU02605,351,145,35,0,14,2026-08-15
SKU02606,300,195,85,0,14,2026-08-15
SKU02608,289,137,57,0,14,2026-08-15
SKU02609,206,129,41,0,14,2026-08-15
SKU02610,50,43,21,0,14,2026-08-15
SKU02611,45,58,18,0,14,2026-08-15
SKU02612,123,122,38,0,14,2026-08-15
SKU02613,192,108,29,0,14,2026-08-15
SKU02614,193,670,223,0,14,2026-08-15
SKU02615,410,222,80,0,14,2026-08-15
SKU02616,154,113,38,0,14,2026-08-15
SKU02617,141,57,19,0,14,2026-08-15
SKU02618,300,146,53,0,14,2026-08-15
SKU02619,293,228,88,0,14,2026-08-15
SKU02620,197,109,30,0,14,2026-08-15
SKU02621,181,85,25,0,14,2026-08-15
SKU02622,39,90,42,0,14,2026-08-15
SKU02623,146,134,41,0,14,2026-08-15
SKU02624,125,73,16,0,14,2026-08-15
SKU02625,268,211,86,0,14,2026-08-15
SKU02626,80,122,40,0,14,2026-08-15
SKU02629,265,182,67,0,14,2026-08-15
SKU02630,110,65,17,0,14,2026-08-15
SKU02631,199,172,72,0,14,2026-08-15
SKU02632,404,162,49,0,14,2026-08-15
SKU02633,169,95,32,0,14,2026-08-15
SKU02634,121,172,68,0,14,2026-08-15
SKU02635,386,236,94,0,14,2026-08-15
SKU02636,151,133,54,0,14,2026-08-15
SKU02637,509,243,102,0,14,2026-08-15
SKU02638,385,262,103,0,14,2026-08-15
SKU02639,5544,1167,408,0,14,2026-08-15
SKU02640,0,818,310,0,14,2026-08-15
SKU02641,728,344,133,0,14,2026-08-15
SKU02642,188,135,46,0,14,2026-08-15
SKU02644,105,40,19,0,14,2026-08-15
SKU02645,187,180,47,0,14,2026-08-15
SKU02647,673,451,178,0,14,2026-08-15
SKU02648,115,1259,424,0,14,2026-08-15
SKU02649,28,97,23,0,14,2026-08-15
SKU02650,231,132,32,0,14,2026-08-15
SKU02651,396,403,122,0,14,2026-08-15
SKU02652,147,62,26,0,14,2026-08-15
SKU02655,128,74,23,0,14,2026-08-15
SKU02656,99,51,15,0,14,2026-08-15
SKU02657,230,927,330,0,14,2026-08-15
SKU02658,159,80,16,0,14,2026-08-15
SKU02659,251,142,57,0,14,2026-08-15
SKU02660,21,973,374,0,14,2026-08-15
SKU02661,125,107,36,0,14,2026-08-15
SKU02662,6858,1644,544,0,14,2026-08-15
SKU02663,93,174,64,0,14,2026-08-15
SKU02664,202,164,68,0,14,2026-08-15
SKU02665,105,51,14,0,14,2026-08-15
SKU02669,69,68,27,0,14,2026-08-15
SKU02670,196,67,29,0,14,2026-08-15
SKU02671,3,52,14,0,14,2026-08-15
SKU02672,134,51,24,0,14,2026-08-15
SKU02673,144,53,15,0,14,2026-08-15
SKU02674,412,247,109,0,14,2026-08-15
SKU02675,171,82,22,0,14,2026-08-15
SKU02676,190,96,32,0,14,2026-08-15
SKU02677,415,210,72,0,14,2026-08-15
SKU02678,28,21,10,0,14,2026-08-15
SKU02679,136,147,63,0,14,2026-08-15
SKU02680,200,221,72,0,14,2026-08-15
SKU02681,4226,911,342,0,14,2026-08-15
SKU02682,168,150,64,0,14,2026-08-15
SKU02683,128,953,327,0,14,2026-08-15
SKU02684,413,147,57,0,14,2026-08-15
SKU02685,138,105,32,0,14,2026-08-15
SKU02686,27,53,23,0,14,2026-08-15
SKU02687,204,126,62,0,14,2026-08-15
SKU02688,155,124,28,0,14,2026-08-15
SKU02689,31,27,10,0,14,2026-08-15
SKU02690,16,62,22,0,14,2026-08-15
SKU02691,151,129,55,0,14,2026-08-15
SKU02692,30,868,279,0,14,2026-08-15
SKU02693,109,178,45,0,14,2026-08-15
SKU02694,5,24,11,0,14,2026-08-15
SKU02695,195,207,65,0,14,2026-08-15
SKU02696,132,48,20,0,14,2026-08-15
SKU02697,90,82,25,0,14,2026-08-15
SKU02698,83,128,46,0,14,2026-08-15
SKU02699,78,140,44,0,14,2026-08-15
SKU02700,5727,1375,502,0,14,2026-08-15
SKU02701,80,91,31,0,14,2026-08-15
SKU02702,147,175,52,0,14,2026-08-15
SKU02703,463,299,120,0,14,2026-08-15
SKU02704,155,100,40,0,14,2026-08-15
SKU02705,119,50,19,0,14,2026-08-15
SKU02706,119,176,49,0,14,2026-08-15
SKU02707,79,49,11,0,14,2026-08-15
SKU02708,286,169,66,0,14,2026-08-15
SKU02709,252,146,52,0,14,2026-08-15
SKU02710,6103,1256,437,0,14,2026-08-15
SKU02711,312,279,81,0,14,2026-08-15
SKU02712,29,59,24,0,14,2026-08-15
SKU02713,200,101,47,0,14,2026-08-15
SKU02714,323,242,61,0,14,2026-08-15
SKU02715,297,164,45,0,14,2026-08-15
SKU02716,861,408,151,0,14,2026-08-15
SKU02717,165,85,26,0,14,2026-08-15
SKU02718,7986,1737,632,0,14,2026-08-15
SKU02719,270,210,91,0,14,2026-08-15
SKU02720,234,146,51,0,14,2026-08-15
SKU02722,5778,1315,497,0,14,2026-08-15
SKU02723,86,109,38,0,14,2026-08-15
SKU02724,221,108,35,0,14,2026-08-15
SKU02725,388,189,48,0,14,2026-08-15
SKU02726,428,190,60,0,14,2026-08-15
SKU02727,130,100,46,0,14,2026-08-15
SKU02728,8435,1926,647,0,14,2026-08-15
SKU02731,372,246,87,0,14,2026-08-15
SKU02732,16,26,12,0,14,2026-08-15
SKU02733,73,62,26,0,14,2026-08-15
SKU02734,131,123,28,0,14,2026-08-15
SKU02735,22,82,24,0,14,2026-08-15
SKU02736,257,196,76,0,14,2026-08-15
SKU02737,39,962,358,0,14,2026-08-15
SKU02738,351,160,43,0,14,2026-08-15
SKU02739,325,141,50,0,14,2026-08-15
SKU02740,0,814,304,0,14,2026-08-15
SKU02741,198,161,47,0,14,2026-08-15
SKU02742,401,224,80,0,14,2026-08-15
SKU02743,122,49,12,0,14,2026-08-15
SKU02744,56,78,34,0,14,2026-08-15
SKU02745,66,38,15,0,14,2026-08-15
SKU02746,197,94,36,0,14,2026-08-15
SKU02747,236,1027,362,0,14,2026-08-15
SKU02748,100,109,45,0,14,2026-08-15
SKU02751,192,106,33,0,14,2026-08-15
SKU02752,491,350,146,0,14,2026-08-15
SKU02753,391,160,38,0,14,2026-08-15
SKU02754,268,145,40,0,14,2026-08-15
SKU02755,36,23,10,0,14,2026-08-15
SKU02756,86,196,55,0,14,2026-08-15
SKU02757,380,160,59,0,14,2026-08-15
SKU02758,495,259,79,0,14,2026-08-15
SKU02759,93,90,28,0,14,2026-08-15
SKU02761,316,153,46,0,14,2026-08-15
SKU02763,151,90,24,0,14,2026-08-15
SKU02764,75,61,25,0,14,2026-08-15
SKU02765,172,61,23,0,14,2026-08-15
SKU02766,383,172,48,0,14,2026-08-15
SKU02767,289,150,58,0,14,2026-08-15
SKU02768,4583,1146,392,0,14,2026-08-15
SKU02769,173,84,30,0,14,2026-08-15
SKU02770,35,83,22,0,14,2026-08-15
SKU02771,134,163,70,0,14,2026-08-15
SKU02772,217,79,35,0,14,2026-08-15
SKU02773,186,180,65,0,14,2026-08-15
SKU02774,388,145,62,0,14,2026-08-15
SKU02775,141,193,49,0,14,2026-08-15
SKU02776,21,650,250,0,14,2026-08-15
SKU02777,213,189,87,0,14,2026-08-15
SKU02778,368,225,80,0,14,2026-08-15
SKU02779,114,168,64,0,14,2026-08-15
SKU02780,7891,1817,654,0,14,2026-08-15
SKU02781,28,107,46,0,14,2026-08-15
SKU02782,221,226,79,0,14,2026-08-15
SKU02783,42,32,9,0,14,2026-08-15
SKU02785,380,217,63,0,14,2026-08-15
SKU02786,14,21,9,0,14,2026-08-15
SKU02787,53,108,38,0,14,2026-08-15
SKU02788,87,65,20,0,14,2026-08-15
SKU02789,355,177,67,0,14,2026-08-15
SKU02790,164,69,23,0,14,2026-08-15
SKU02791,82,66,30,0,14,2026-08-15
SKU02792,273,218,65,0,14,2026-08-15
SKU02793,160,118,48,0,14,2026-08-15
SKU02794,5277,1171,414,0,14,2026-08-15
SKU02795,204,192,73,0,14,2026-08-15
SKU02796,149,109,40,0,14,2026-08-15
SKU02797,162,81,27,0,14,2026-08-15
SKU02798,336,324,142,0,14,2026-08-15
SKU02799,332,235,86,0,14,2026-08-15
SKU02800,366,181,68,0,14,2026-08-15
SKU02801,259,215,88,0,14,2026-08-15
SKU02802,226,163,58,0,14,2026-08-15
SKU02803,452,250,106,0,14,2026-08-15
SKU02804,237,262,84,0,14,2026-08-15
SKU02805,136,136,49,0,14,2026-08-15
SKU02806,238,144,65,0,14,2026-08-15
SKU02807,457,282,101,0,14,2026-08-15
SKU02808,315,163,60,0,14,2026-08-15
SKU02809,253,185,70,0,14,2026-08-15
SKU02810,54,70,29,0,14,2026-08-15
SKU02811,491,272,81,0,14,2026-08-15
SKU02812,402,223,87,0,14,2026-08-15
SKU02813,930,412,124,0,14,2026-08-15
SKU02815,365,168,48,0,14,2026-08-15
SKU02816,294,207,80,0,14,2026-08-15
SKU02817,226,159,46,0,14,2026-08-15
SKU02818,58,65,28,0,14,2026-08-15
SKU02819,87,114,36,0,14,2026-08-15
SKU02820,100,182,60,0,14,2026-08-15
SKU02821,216,184,57,0,14,2026-08-15
SKU02822,7709,1898,642,0,14,2026-08-15
SKU02823,8,27,11,0,14,2026-08-15
SKU02824,179,106,37,0,14,2026-08-15
SKU02825,232,159,64,0,14,2026-08-15
SKU02826,214,974,276,0,14,2026-08-15
SKU02827,100,72,21,0,14,2026-08-15
SKU02828,587,248,77,0,14,2026-08-15
SKU02829,15,33,16,0,14,2026-08-15
SKU02830,162,148,63,0,14,2026-08-15
SKU02831,295,200,92,0,14,2026-08-15
SKU02832,521,246,79,0,14,2026-08-15
SKU02833,143,1018,373,0,14,2026-08-15
SKU02834,100,36,11,0,14,2026-08-15
SKU02835,169,175,66,0,14,2026-08-15
SKU02836,369,230,83,0,14,2026-08-15
SKU02837,91,140,49,0,14,2026-08-15
SKU02838,604,245,87,0,14,2026-08-15
SKU02839,53,37,16,0,14,2026-08-15
SKU02840,296,483,151,0,14,2026-08-15
SKU02841,419,192,52,0,14,2026-08-15
SKU02842,6460,1521,538,0,14,2026-08-15
SKU02843,44,37,17,0,14,2026-08-15
SKU02844,108,81,29,0,14,2026-08-15
SKU02845,260,182,65,0,14,2026-08-15
SKU02846,265,92,43,0,14,2026-08-15
SKU02847,64,50,12,0,14,2026-08-15
SKU02848,398,145,52,0,14,2026-08-15
SKU02849,168,91,25,0,14,2026-08-15
SKU02850,46,71,22,0,14,2026-08-15
SKU02851,253,93,25,0,14,2026-08-15
SKU02853,36,69,24,0,14,2026-08-15
SKU02855,246,197,62,0,14,2026-08-15
SKU02856,553,319,119,0,14,2026-08-15
SKU02857,419,244,91,0,14,2026-08-15
SKU02858,211,869,293,0,14,2026-08-15
SKU02859,168,84,29,0,14,2026-08-15
SKU02860,405,173,60,0,14,2026-08-15
SKU02861,388,161,52,0,14,2026-08-15
SKU02863,200,217,76,0,14,2026-08-15
SKU02864,22,35,17,0,14,2026-08-15
SKU02865,52,31,15,0,14,2026-08-15
SKU02866,45,47,19,0,14,2026-08-15
SKU02867,301,146,49,0,14,2026-08-15
SKU02868,141,96,42,0,14,2026-08-15
SKU02869,50,79,28,0,14,2026-08-15
SKU02870,1,45,18,0,14,2026-08-15
SKU02871,8264,1872,670,0,14,2026-08-15
SKU02872,121,146,40,0,14,2026-08-15
SKU02873,21,78,18,0,14,2026-08-15
SKU02874,102,159,61,0,14,2026-08-15
SKU02875,68,28,7,0,14,2026-08-15
SKU02876,317,139,52,0,14,2026-08-15
SKU02877,354,257,85,0,14,2026-08-15
SKU02878,306,128,45,0,14,2026-08-15
SKU02879,142,57,13,0,14,2026-08-15
SKU02880,79,185,66,0,14,2026-08-15
SKU02881,183,63,29,0,14,2026-08-15
SKU02882,378,235,83,0,14,2026-08-15
SKU02883,185,144,37,0,14,2026-08-15
SKU02884,270,316,136,0,14,2026-08-15
SKU02885,117,50,18,0,14,2026-08-15
SKU02886,66,87,30,0,14,2026-08-15
SKU02887,67,97,44,0,14,2026-08-15
SKU02888,529,301,115,0,14,2026-08-15
SKU02889,64,55,14,0,14,2026-08-15
SKU02890,376,170,62,0,14,2026-08-15
SKU02891,145,52,24,0,14,2026-08-15
SKU02892,0,1010,367,0,14,2026-08-15
SKU02893,77,121,34,0,14,2026-08-15
SKU02894,187,98,39,0,14,2026-08-15
SKU02895,7,93,46,0,14,2026-08-15
SKU02896,174,149,50,0,14,2026-08-15
SKU02898,51,878,333,0,14,2026-08-15
SKU02900,93,33,9,0,14,2026-08-15
SKU02901,139,101,44,0,14,2026-08-15
SKU02902,227,85,18,0,14,2026-08-15
SKU02904,59,31,9,0,14,2026-08-15
SKU02905,282,227,91,0,14,2026-08-15
SKU02906,357,165,45,0,14,2026-08-15
SKU02907,5528,1320,467,0,14,2026-08-15
SKU02908,85,139,49,0,14,2026-08-15
SKU02909,154,127,49,0,14,2026-08-15
SKU02910,198,104,42,0,14,2026-08-15
SKU02911,352,237,88,0,14,2026-08-15
SKU02912,225,149,44,0,14,2026-08-15
SKU02913,6,60,22,0,14,2026-08-15
SKU02915,5779,1396,424,0,14,2026-08-15
SKU02916,163,132,58,0,14,2026-08-15
SKU02917,125,164,52,0,14,2026-08-15
SKU02918,541,297,91,0,14,2026-08-15
SKU02919,186,78,20,0,14,2026-08-15
SKU02920,143,90,24,0,14,2026-08-15
SKU02921,229,215,85,0,14,2026-08-15
SKU02922,112,154,62,0,14,2026-08-15
SKU02923,146,914,318,0,14,2026-08-15
SKU02924,274,261,98,0,14,2026-08-15
SKU02925,343,128,48,0,14,2026-08-15
SKU02926,87,112,42,0,14,2026-08-15
SKU02927,735,396,149,0,14,2026-08-15
SKU02929,463,251,86,0,14,2026-08-15
SKU02930,0,522,202,0,14,2026-08-15
SKU02931,249,194,57,0,14,2026-08-15
SKU02932,185,90,31,0,14,2026-08-15
SKU02933,17,43,12,0,14,2026-08-15
SKU02934,170,91,28,0,14,2026-08-15
SKU02935,316,151,48,0,14,2026-08-15
SKU02936,191,95,31,0,14,2026-08-15
SKU02937,465,226,73,0,14,2026-08-15
SKU02938,8249,1819,676,0,14,2026-08-15
SKU02939,18,21,6,0,14,2026-08-15
SKU02940,283,146,52,0,14,2026-08-15
SKU02941,55,22,7,0,14,2026-08-15
SKU02942,375,225,83,0,14,2026-08-15
SKU02943,231,226,83,0,14,2026-08-15
SKU02944,343,173,43,0,14,2026-08-15
SKU02945,141,54,17,0,14,2026-08-15
SKU02946,4371,930,355,0,14,2026-08-15
SKU02947,21,27,9,0,14,2026-08-15
SKU02948,108,122,58,0,14,2026-08-15
SKU02949,238,176,66,0,14,2026-08-15
SKU02950,0,851,248,0,14,2026-08-15
SKU02951,98,74,32,0,14,2026-08-15
SKU02953,354,231,101,0,14,2026-08-15
SKU02954,10,752,256,0,14,2026-08-15
SKU02955,100,77,19,0,14,2026-08-15
SKU02956,324,156,59,0,14,2026-08-15
SKU02957,311,241,78,0,14,2026-08-15
SKU02959,65,100,26,0,14,2026-08-15
SKU02960,100,44,19,0,14,2026-08-15
SKU02961,234,137,57,0,14,2026-08-15
SKU02962,251,98,29,0,14,2026-08-15
SKU02963,165,243,74,0,14,2026-08-15
SKU02964,5389,1299,466,0,14,2026-08-15
SKU02965,283,153,51,0,14,2026-08-15
SKU02966,74,39,9,0,14,2026-08-15
SKU02967,421,230,71,0,14,2026-08-15
SKU02968,90,86,22,0,14,2026-08-15
SKU02969,310,165,72,0,14,2026-08-15
SKU02970,354,246,70,0,14,2026-08-15
SKU02971,351,237,73,0,14,2026-08-15
SKU02972,177,98,48,0,14,2026-08-15
SKU02973,30,37,7,0,14,2026-08-15
SKU02974,233,111,28,0,14,2026-08-15
SKU02976,129,86,37,0,14,2026-08-15
SKU02977,237,146,59,0,14,2026-08-15
SKU02978,35,31,10,0,14,2026-08-15
SKU02980,234,82,31,0,14,2026-08-15
SKU02981,250,163,53,0,14,2026-08-15
SKU02982,103,119,54,0,14,2026-08-15
SKU02983,146,882,271,0,14,2026-08-15
SKU02984,54,61,25,0,14,2026-08-15
SKU02986,267,168,72,0,14,2026-08-15
SKU02987,346,187,57,0,14,2026-08-15
SKU02988,688,388,143,0,14,2026-08-15
SKU02989,162,125,45,0,14,2026-08-15
SKU02990,93,160,48,0,14,2026-08-15
SKU02991,230,99,35,0,14,2026-08-15
SKU02992,37,20,7,0,14,2026-08-15
SKU02994,80,74,18,0,14,2026-08-15
SKU02995,159,60,19,0,14,2026-08-15
SKU02996,112,112,50,0,14,2026-08-15
SKU02997,6620,1434,509,0,14,2026-08-15
SKU02999,5152,1225,431,0,14,2026-08-15
SKU03000,45,26,12,0,14,2026-08-15
SKU03001,102,77,22,0,14,2026-08-15
SKU03002,193,158,40,0,14,2026-08-15
SKU03003,321,152,44,0,14,2026-08-15
SKU03004,279,249,104,0,14,2026-08-15
SKU03005,7094,1558,546,0,14,2026-08-15
SKU03006,173,64,20,0,14,2026-08-15
SKU03007,226,100,40,0,14,2026-08-15
SKU03009,405,278,94,0,14,2026-08-15
SKU03010,294,129,37,0,14,2026-08-15
SKU03011,198,80,28,0,14,2026-08-15
SKU03012,10,93,38,0,14,2026-08-15
SKU03013,215,139,56,0,14,2026-08-15
SKU03014,5426,1271,425,0,14,2026-08-15
SKU03015,395,213,79,0,14,2026-08-15
SKU03016,5,45,18,0,14,2026-08-15
SKU03017,194,194,85,0,14,2026-08-15
SKU03018,93,75,20,0,14,2026-08-15
SKU03020,497,237,94,0,14,2026-08-15
SKU03021,252,146,41,0,14,2026-08-15
SKU03022,532,307,102,0,14,2026-08-15
SKU03023,178,96,29,0,14,2026-08-15
SKU03024,132,48,13,0,14,2026-08-15
SKU03025,192,166,64,0,14,2026-08-15
SKU03026,200,147,47,0,14,2026-08-15
SKU03027,226,202,90,0,14,2026-08-15
SKU03028,56,77,29,0,14,2026-08-15
SKU03029,670,361,125,0,14,2026-08-15
SKU03030,56,934,310,0,14,2026-08-15
SKU03031,8024,1771,648,0,14,2026-08-15
SKU03032,309,167,48,0,14,2026-08-15
SKU03033,165,87,39,0,14,2026-08-15
SKU03035,104,36,11,0,14,2026-08-15
SKU03036,6860,1517,508,0,14,2026-08-15
SKU03037,158,72,18,0,14,2026-08-15
SKU03038,135,78,21,0,14,2026-08-15
SKU03040,413,156,44,0,14,2026-08-15
SKU03041,168,61,28,0,14,2026-08-15
SKU03042,194,99,44,0,14,2026-08-15
SKU03043,5107,1235,420,0,14,2026-08-15
SKU03045,31,100,50,0,14,2026-08-15
SKU03046,160,115,44,0,14,2026-08-15
SKU03048,106,102,29,0,14,2026-08-15
SKU03049,148,100,42,0,14,2026-08-15
SKU03050,48,65,20,0,14,2026-08-15
SKU03051,313,159,54,0,14,2026-08-15
SKU03052,555,269,83,0,14,2026-08-15
SKU03053,31,694,238,0,14,2026-08-15
SKU03054,585,509,163,0,14,2026-08-15
SKU03055,118,82,30,0,14,2026-08-15
SKU03056,188,154,45,0,14,2026-08-15
SKU03057,253,1149,365,0,14,2026-08-15
SKU03058,8412,1863,654,0,14,2026-08-15
SKU03059,70,60,22,0,14,2026-08-15
SKU03060,157,127,60,0,14,2026-08-15
SKU03061,98,136,33,0,14,2026-08-15
SKU03062,545,312,91,0,14,2026-08-15
SKU03063,4,555,179,0,14,2026-08-15
SKU03065,166,183,70,0,14,2026-08-15
SKU03066,507,229,76,0,14,2026-08-15
SKU03067,129,80,27,0,14,2026-08-15
SKU03068,284,152,51,0,14,2026-08-15
SKU03069,402,197,63,0,14,2026-08-15
SKU03070,205,99,25,0,14,2026-08-15
SKU03071,1,62,19,0,14,2026-08-15
SKU03072,56,49,15,0,14,2026-08-15
SKU03073,6327,1363,535,0,14,2026-08-15
SKU03075,132,79,27,0,14,2026-08-15
SKU03076,48,87,22,0,14,2026-08-15
SKU03077,56,47,17,0,14,2026-08-15
SKU03078,275,216,82,0,14,2026-08-15
SKU03080,315,173,63,0,14,2026-08-15
SKU03081,179,193,77,0,14,2026-08-15
SKU03082,210,83,32,0,14,2026-08-15
SKU03083,448,225,85,0,14,2026-08-15
SKU03084,352,144,38,0,14,2026-08-15
SKU03085,42,75,25,0,14,2026-08-15
SKU03086,197,151,52,0,14,2026-08-15
SKU03087,236,128,54,0,14,2026-08-15
SKU03088,114,986,407,0,14,2026-08-15
SKU03089,7782,1745,589,0,14,2026-08-15
SKU03090,7415,1695,630,0,14,2026-08-15
SKU03091,194,146,49,0,14,2026-08-15
SKU03092,78,34,14,0,14,2026-08-15
SKU03093,307,128,45,0,14,2026-08-15
SKU03094,12,53,22,0,14,2026-08-15
SKU03095,174,140,60,0,14,2026-08-15
SKU03096,292,231,93,0,14,2026-08-15
SKU03097,393,410,154,0,14,2026-08-15
SKU03098,3,67,14,0,14,2026-08-15
SKU03099,187,168,55,0,14,2026-08-15
SKU03100,420,238,74,0,14,2026-08-15
SKU03101,296,287,113,0,14,2026-08-15
SKU03102,74,50,20,0,14,2026-08-15
SKU03103,223,77,24,0,14,2026-08-15
SKU03104,172,61,27,0,14,2026-08-15
SKU03105,7376,1621,529,0,14,2026-08-15
SKU03106,261,208,77,0,14,2026-08-15
SKU03107,207,139,32,0,14,2026-08-15
SKU03108,4577,982,334,0,14,2026-08-15
SKU03109,70,115,35,0,14,2026-08-15
SKU03110,0,20,5,0,14,2026-08-15
SKU03111,576,326,140,0,14,2026-08-15
SKU03112,859,397,131,0,14,2026-08-15
SKU03113,75,38,19,0,14,2026-08-15
SKU03114,50,45,15,0,14,2026-08-15
SKU03115,9759,2073,745,0,14,2026-08-15
SKU03116,12,84,41,0,14,2026-08-15
SKU03117,99,163,52,0,14,2026-08-15
SKU03118,171,77,35,0,14,2026-08-15
SKU03119,366,134,47,0,14,2026-08-15
SKU03120,7,37,17,0,14,2026-08-15
SKU03121,259,88,42,0,14,2026-08-15
SKU03122,106,161,39,0,14,2026-08-15
SKU03123,247,96,42,0,14,2026-08-15
SKU03124,227,220,56,0,14,2026-08-15
SKU03125,331,223,76,0,14,2026-08-15
SKU03126,18,75,25,0,14,2026-08-15
SKU03127,41,50,15,0,14,2026-08-15
SKU03128,69,89,21,0,14,2026-08-15
SKU03129,504,182,73,0,14,2026-08-15
SKU03130,387,181,62,0,14,2026-08-15
SKU03131,69,77,31,0,14,2026-08-15
SKU03132,237,172,65,0,14,2026-08-15
SKU03133,199,164,44,0,14,2026-08-15
SKU03134,170,125,44,0,14,2026-08-15
SKU03135,151,93,34,0,14,2026-08-15
SKU03136,166,153,64,0,14,2026-08-15
SKU03137,309,228,77,0,14,2026-08-15
SKU03138,203,83,23,0,14,2026-08-15
SKU03139,7277,1566,580,0,14,2026-08-15
SKU03140,229,177,72,0,14,2026-08-15
SKU03143,190,134,45,0,14,2026-08-15
SKU03144,267,118,44,0,14,2026-08-15
SKU03146,343,157,67,0,14,2026-08-15
SKU03147,303,154,44,0,14,2026-08-15
SKU03148,47,52,16,0,14,2026-08-15
SKU03149,133,112,38,0,14,2026-08-15
SKU03150,7072,1556,527,0,14,2026-08-15
SKU03152,5165,1376,501,0,14,2026-08-15
SKU03153,4,20,8,0,14,2026-08-15
SKU03154,170,207,78,0,14,2026-08-15
SKU03155,130,56,15,0,14,2026-08-15
SKU03156,608,312,131,0,14,2026-08-15
SKU03159,136,122,41,0,14,2026-08-15
SKU03160,41,65,21,0,14,2026-08-15
SKU03161,145,181,48,0,14,2026-08-15
SKU03162,216,100,40,0,14,2026-08-15
SKU03163,83,102,32,0,14,2026-08-15
SKU03164,345,211,84,0,14,2026-08-15
SKU03165,179,66,20,0,14,2026-08-15
SKU03166,234,102,39,0,14,2026-08-15
SKU03167,159,60,17,0,14,2026-08-15
SKU03168,616,285,109,0,14,2026-08-15
SKU03169,27,39,15,0,14,2026-08-15
SKU03170,71,91,45,0,14,2026-08-15
SKU03171,70,1111,415,0,14,2026-08-15
SKU03172,600,283,94,0,14,2026-08-15
SKU03173,5479,1195,405,0,14,2026-08-15
SKU03174,117,57,23,0,14,2026-08-15
SKU03175,25,66,30,0,14,2026-08-15
SKU03177,5510,1279,468,0,14,2026-08-15
SKU03178,169,62,15,0,14,2026-08-15
SKU03179,5814,1353,521,0,14,2026-08-15
SKU03180,256,134,47,0,14,2026-08-15
SKU03181,7,65,17,0,14,2026-08-15
SKU03182,354,175,63,0,14,2026-08-15
SKU03183,47,65,32,0,14,2026-08-15
SKU03184,335,233,81,0,14,2026-08-15
SKU03185,254,137,44,0,14,2026-08-15
SKU03186,228,194,82,0,14,2026-08-15
SKU03187,279,94,31,0,14,2026-08-15
SKU03188,254,95,28,0,14,2026-08-15
SKU03189,88,44,16,0,14,2026-08-15
SKU03190,423,292,90,0,14,2026-08-15
SKU03192,5974,1336,469,0,14,2026-08-15
SKU03193,281,197,71,0,14,2026-08-15
SKU03194,217,101,31,0,14,2026-08-15
SKU03196,76,31,14,0,14,2026-08-15
SKU03197,274,216,79,0,14,2026-08-15
SKU03198,27,61,18,0,14,2026-08-15
SKU03199,0,1207,398,0,14,2026-08-15
SKU03200,325,160,53,0,14,2026-08-15
SKU03201,94,116,32,0,14,2026-08-15
SKU03202,325,193,71,0,14,2026-08-15
SKU03203,162,143,43,0,14,2026-08-15
SKU03204,183,201,90,0,14,2026-08-15
SKU03205,44,129,37,0,14,2026-08-15
SKU03206,242,266,101,0,14,2026-08-15
SKU03207,125,120,34,0,14,2026-08-15
SKU03208,600,253,85,0,14,2026-08-15
SKU03209,190,76,28,0,14,2026-08-15
SKU03210,5438,1187,475,0,14,2026-08-15
SKU03211,154,105,28,0,14,2026-08-15
SKU03212,146,72,30,0,14,2026-08-15
SKU03213,179,201,79,0,14,2026-08-15
SKU03214,313,196,64,0,14,2026-08-15
SKU03215,300,155,60,0,14,2026-08-15
SKU03216,122,72,28,0,14,2026-08-15
SKU03218,129,154,58,0,14,2026-08-15
SKU03219,11,24,9,0,14,2026-08-15
SKU03220,5440,1308,431,0,14,2026-08-15
SKU03221,99,48,18,0,14,2026-08-15
SKU03222,522,350,141,0,14,2026-08-15
SKU03223,323,230,92,0,14,2026-08-15
SKU03224,14,25,7,0,14,2026-08-15
SKU03227,253,290,105,0,14,2026-08-15
SKU03228,270,122,44,0,14,2026-08-15
SKU03229,231,190,62,0,14,2026-08-15
SKU03231,219,141,39,0,14,2026-08-15
SKU03232,41,69,23,0,14,2026-08-15
SKU03233,304,299,98,0,14,2026-08-15
SKU03234,364,227,77,0,14,2026-08-15
SKU03235,7099,1629,527,0,14,2026-08-15
SKU03236,130,216,83,0,14,2026-08-15
SKU03237,202,258,83,0,14,2026-08-15
SKU03238,159,129,42,0,14,2026-08-15
SKU03239,147,220,65,0,14,2026-08-15
SKU03240,351,213,73,0,14,2026-08-15
SKU03241,281,227,73,0,14,2026-08-15
SKU03242,271,108,46,0,14,2026-08-15
SKU03243,10,64,24,0,14,2026-08-15
SKU03244,2,43,9,0,14,2026-08-15
SKU03245,68,66,13,0,14,2026-08-15
SKU03246,64,38,14,0,14,2026-08-15
SKU03247,125,119,46,0,14,2026-08-15
SKU03248,493,266,88,0,14,2026-08-15
SKU03249,117,128,50,0,14,2026-08-15
SKU03250,194,168,46,0,14,2026-08-15
SKU03251,4674,1086,350,0,14,2026-08-15
SKU03252,139,53,19,0,14,2026-08-15
SKU03254,7464,1654,599,0,14,2026-08-15
SKU03255,436,196,77,0,14,2026-08-15
SKU03256,114,41,16,0,14,2026-08-15
SKU03257,8338,1752,666,0,14,2026-08-15
SKU03258,8,45,11,0,14,2026-08-15
SKU03259,103,914,286,0,14,2026-08-15
SKU03260,52,33,16,0,14,2026-08-15
SKU03261,143,187,68,0,14,2026-08-15
SKU03262,160,192,52,0,14,2026-08-15
SKU03263,156,145,49,0,14,2026-08-15
SKU03264,234,92,37,0,14,2026-08-15
SKU03265,70,115,38,0,14,2026-08-15
SKU03266,7895,1685,666,0,14,2026-08-15
SKU03267,328,178,82,0,14,2026-08-15
SKU03268,145,77,27,0,14,2026-08-15
SKU03269,68,86,22,0,14,2026-08-15
SKU03270,42,130,32,0,14,2026-08-15
SKU03271,407,249,107,0,14,2026-08-15
SKU03273,284,108,27,0,14,2026-08-15
SKU03274,164,1015,359,0,14,2026-08-15
SKU03275,188,158,54,0,14,2026-08-15
SKU03276,230,110,43,0,14,2026-08-15
SKU03277,4910,1123,393,0,14,2026-08-15
SKU03278,17,24,10,0,14,2026-08-15
SKU03279,244,166,57,0,14,2026-08-15
SKU03281,423,286,88,0,14,2026-08-15
SKU03282,45,27,13,0,14,2026-08-15
SKU03283,269,165,45,0,14,2026-08-15
SKU03284,3557,839,327,0,14,2026-08-15
SKU03285,188,81,22,0,14,2026-08-15
SKU03286,3833,938,311,0,14,2026-08-15
SKU03287,295,138,38,0,14,2026-08-15
SKU03288,91,56,14,0,14,2026-08-15
SKU03290,196,185,75,0,14,2026-08-15
SKU03291,3880,852,315,0,14,2026-08-15
SKU03292,369,887,345,0,14,2026-08-15
SKU03294,347,169,69,0,14,2026-08-15
SKU03295,4460,993,352,0,14,2026-08-15
SKU03297,385,176,74,0,14,2026-08-15
SKU03298,447,196,63,0,14,2026-08-15
SKU03299,189,109,47,0,14,2026-08-15
SKU03300,251,138,56,0,14,2026-08-15
SKU03301,230,146,54,0,14,2026-08-15
SKU03302,640,395,158,0,14,2026-08-15
SKU03303,259,95,45,0,14,2026-08-15
SKU03304,169,116,49,0,14,2026-08-15
SKU03305,137,103,29,0,14,2026-08-15
SKU03306,293,152,56,0,14,2026-08-15
SKU03307,85,121,43,0,14,2026-08-15
SKU03308,174,150,55,0,14,2026-08-15
SKU03309,99,119,52,0,14,2026-08-15
SKU03310,234,80,32,0,14,2026-08-15
SKU03311,6242,1439,532,0,14,2026-08-15
SKU03312,337,194,70,0,14,2026-08-15
SKU03313,526,348,105,0,14,2026-08-15
SKU03314,748,346,121,0,14,2026-08-15
SKU03315,175,65,26,0,14,2026-08-15
SKU03316,1,34,15,0,14,2026-08-15
SKU03317,187,100,41,0,14,2026-08-15
SKU03318,345,167,66,0,14,2026-08-15
SKU03319,62,33,12,0,14,2026-08-15
SKU03320,5726,1258,432,0,14,2026-08-15
SKU03321,201,163,57,0,14,2026-08-15
SKU03322,199,124,43,0,14,2026-08-15
SKU03323,151,1033,304,0,14,2026-08-15
SKU03324,96,139,43,0,14,2026-08-15
SKU03325,191,109,49,0,14,2026-08-15
SKU03326,15,46,18,0,14,2026-08-15
SKU03327,354,154,53,0,14,2026-08-15
SKU03328,279,144,56,0,14,2026-08-15
SKU03329,263,190,75,0,14,2026-08-15
SKU03330,93,51,25,0,14,2026-08-15
SKU03332,423,226,80,0,14,2026-08-15
SKU03333,27,48,17,0,14,2026-08-15
SKU03334,274,221,82,0,14,2026-08-15
SKU03335,193,156,45,0,14,2026-08-15
SKU03337,357,134,42,0,14,2026-08-15
SKU03338,289,276,107,0,14,2026-08-15
SKU03339,157,71,28,0,14,2026-08-15
SKU03340,14,27,12,0,14,2026-08-15
SKU03341,187,100,28,0,14,2026-08-15
SKU03342,299,121,39,0,14,2026-08-15
SKU03343,136,68,26,0,14,2026-08-15
SKU03346,231,96,48,0,14,2026-08-15
SKU03347,5452,1308,484,0,14,2026-08-15
SKU03348,214,232,93,0,14,2026-08-15
SKU03349,6948,1539,583,0,14,2026-08-15
SKU03350,30,22,11,0,14,2026-08-15
SKU03351,12,24,10,0,14,2026-08-15
SKU03352,90,39,16,0,14,2026-08-15
SKU03353,1,1077,405,0,14,2026-08-15
SKU03356,132,147,45,0,14,2026-08-15
SKU03357,94,60,17,0,14,2026-08-15
SKU03358,79,66,22,0,14,2026-08-15
SKU03359,170,112,41,0,14,2026-08-15
SKU03360,91,38,11,0,14,2026-08-15
SKU03361,31,45,18,0,14,2026-08-15
SKU03362,157,139,43,0,14,2026-08-15
SKU03363,343,253,90,0,14,2026-08-15
SKU03365,255,106,33,0,14,2026-08-15
SKU03367,189,98,36,0,14,2026-08-15
SKU03368,212,78,22,0,14,2026-08-15
SKU03369,126,122,39,0,14,2026-08-15
SKU03370,316,145,49,0,14,2026-08-15
SKU03371,27,38,15,0,14,2026-08-15
SKU03372,110,41,11,0,14,2026-08-15
SKU03373,133,151,50,0,14,2026-08-15
SKU03374,63,85,41,0,14,2026-08-15
SKU03375,7074,1634,627,0,14,2026-08-15
SKU03376,5352,1185,399,0,14,2026-08-15
SKU03377,52,40,12,0,14,2026-08-15
SKU03378,91,138,53,0,14,2026-08-15
SKU03379,264,164,67,0,14,2026-08-15
SKU03380,178,66,30,0,14,2026-08-15
SKU03381,101,39,18,0,14,2026-08-15
SKU03383,427,228,55,0,14,2026-08-15
SKU03384,255,231,89,0,14,2026-08-15
SKU03385,430,231,64,0,14,2026-08-15
SKU03386,55,96,31,0,14,2026-08-15
SKU03387,72,85,30,0,14,2026-08-15
SKU03388,231,221,81,0,14,2026-08-15
SKU03389,63,50,18,0,14,2026-08-15
SKU03390,139,56,24,0,14,2026-08-15
SKU03391,437,193,58,0,14,2026-08-15
SKU03392,74,33,15,0,14,2026-08-15
SKU03393,11,69,15,0,14,2026-08-15
SKU03394,536,296,109,0,14,2026-08-15
SKU03395,256,123,47,0,14,2026-08-15
SKU03396,112,50,14,0,14,2026-08-15
SKU03397,136,95,27,0,14,2026-08-15
SKU03398,61,23,9,0,14,2026-08-15
SKU03400,357,245,76,0,14,2026-08-15
SKU03401,192,193,71,0,14,2026-08-15
SKU03402,261,191,67,0,14,2026-08-15
SKU03403,245,117,48,0,14,2026-08-15
SKU03404,256,153,67,0,14,2026-08-15
SKU03405,154,94,27,0,14,2026-08-15
SKU03406,302,200,55,0,14,2026-08-15
SKU03407,131,57,24,0,14,2026-08-15
SKU03408,235,259,77,0,14,2026-08-15
SKU03409,85,53,19,0,14,2026-08-15
SKU03410,176,61,25,0,14,2026-08-15
SKU03411,82,66,20,0,14,2026-08-15
SKU03412,513,247,75,0,14,2026-08-15
SKU03413,161,88,31,0,14,2026-08-15
SKU03414,6622,1473,503,0,14,2026-08-15
SKU03415,181,98,39,0,14,2026-08-15
SKU03416,5080,1223,403,0,14,2026-08-15
SKU03417,334,176,67,0,14,2026-08-15
SKU03418,137,72,25,0,14,2026-08-15
SKU03419,143,165,53,0,14,2026-08-15
SKU03420,215,115,37,0,14,2026-08-15
SKU03421,261,148,59,0,14,2026-08-15
SKU03422,190,118,30,0,14,2026-08-15
SKU03423,187,84,30,0,14,2026-08-15
SKU03424,292,162,74,0,14,2026-08-15
SKU03425,97,685,241,0,14,2026-08-15
SKU03426,8,28,12,0,14,2026-08-15
SKU03428,6614,1514,520,0,14,2026-08-15
SKU03429,14,65,15,0,14,2026-08-15
SKU03430,203,139,44,0,14,2026-08-15
SKU03432,519,360,124,0,14,2026-08-15
SKU03433,111,259,107,0,14,2026-08-15
SKU03434,266,156,38,0,14,2026-08-15
SKU03435,207,160,47,0,14,2026-08-15
SKU03436,7774,1688,560,0,14,2026-08-15
SKU03437,498,197,56,0,14,2026-08-15
SKU03438,126,156,42,0,14,2026-08-15
SKU03439,186,154,46,0,14,2026-08-15
SKU03440,86,58,21,0,14,2026-08-15
SKU03441,7065,1709,637,0,14,2026-08-15
SKU03442,102,40,10,0,14,2026-08-15
SKU03443,41,54,18,0,14,2026-08-15
SKU03444,343,143,43,0,14,2026-08-15
SKU03445,126,46,15,0,14,2026-08-15
SKU03446,244,93,31,0,14,2026-08-15
SKU03447,313,193,72,0,14,2026-08-15
SKU03448,156,169,70,0,14,2026-08-15
SKU03449,225,93,23,0,14,2026-08-15
SKU03450,70,27,12,0,14,2026-08-15
SKU03451,15,33,10,0,14,2026-08-15
SKU03452,353,215,70,0,14,2026-08-15
SKU03453,171,75,29,0,14,2026-08-15
SKU03454,7548,1610,561,0,14,2026-08-15
SKU03455,49,23,6,0,14,2026-08-15
SKU03456,486,295,99,0,14,2026-08-15
SKU03457,5156,1130,434,0,14,2026-08-15
SKU03458,185,99,35,0,14,2026-08-15
SKU03459,2,72,34,0,14,2026-08-15
SKU03460,134,70,18,0,14,2026-08-15
SKU03461,192,185,64,0,14,2026-08-15
SKU03462,317,201,61,0,14,2026-08-15
SKU03463,119,96,40,0,14,2026-08-15
SKU03464,103,121,30,0,14,2026-08-15
SKU03465,240,169,59,0,14,2026-08-15
SKU03466,396,247,80,0,14,2026-08-15
SKU03467,40,66,22,0,14,2026-08-15
SKU03468,79,130,54,0,14,2026-08-15
SKU03469,247,151,47,0,14,2026-08-15
SKU03470,62,80,29,0,14,2026-08-15
SKU03471,224,148,63,0,14,2026-08-15
SKU03472,241,136,51,0,14,2026-08-15
SKU03474,182,95,27,0,14,2026-08-15
SKU03475,391,143,49,0,14,2026-08-15
SKU03476,6,1060,376,0,14,2026-08-15
SKU03477,29,54,18,0,14,2026-08-15
SKU03478,412,158,43,0,14,2026-08-15
SKU03479,80,77,24,0,14,2026-08-15
SKU03480,238,146,57,0,14,2026-08-15
SKU03481,36,73,27,0,14,2026-08-15
SKU03483,125,77,30,0,14,2026-08-15
SKU03484,7719,1637,562,0,14,2026-08-15
SKU03485,265,220,64,0,14,2026-08-15
SKU03486,92,84,20,0,14,2026-08-15
SKU03487,317,158,51,0,14,2026-08-15
SKU03488,421,184,65,0,14,2026-08-15
SKU03489,30,120,45,0,14,2026-08-15
SKU03490,110,48,13,0,14,2026-08-15
SKU03491,5071,1214,450,0,14,2026-08-15
SKU03492,7719,1667,628,0,14,2026-08-15
SKU03493,6441,1529,603,0,14,2026-08-15
SKU03494,513,246,90,0,14,2026-08-15
SKU03495,467,288,120,0,14,2026-08-15
SKU03496,246,143,46,0,14,2026-08-15
SKU03498,597,307,116,0,14,2026-08-15
SKU03500,366,180,75,0,14,2026-08-15
SKU03501,131,57,22,0,14,2026-08-15
SKU03502,101,76,21,0,14,2026-08-15
SKU03503,450,206,83,0,14,2026-08-15
SKU03504,7523,1581,516,0,14,2026-08-15
SKU03505,280,114,47,0,14,2026-08-15
SKU03506,194,149,58,0,14,2026-08-15
SKU03507,89,58,21,0,14,2026-08-15
SKU03508,107,97,45,0,14,2026-08-15
SKU03511,7,78,38,0,14,2026-08-15
SKU03512,131,77,37,0,14,2026-08-15
SKU03513,249,110,30,0,14,2026-08-15
SKU03514,213,125,51,0,14,2026-08-15
SKU03515,586,287,85,0,14,2026-08-15
SKU03516,248,191,85,0,14,2026-08-15
SKU03517,168,141,59,0,14,2026-08-15
SKU03518,659,251,93,0,14,2026-08-15
SKU03519,490,226,61,0,14,2026-08-15
SKU03520,6580,1527,526,0,14,2026-08-15
SKU03521,474,163,59,0,14,2026-08-15
SKU03522,44,38,14,0,14,2026-08-15
SKU03523,6707,1453,445,0,14,2026-08-15
SKU03525,395,239,69,0,14,2026-08-15
SKU03526,48,23,11,0,14,2026-08-15
SKU03527,8,23,11,0,14,2026-08-15
SKU03528,185,79,22,0,14,2026-08-15
SKU03529,24,29,10,0,14,2026-08-15
SKU03530,204,71,18,0,14,2026-08-15
SKU03531,375,234,81,0,14,2026-08-15
SKU03532,190,99,23,0,14,2026-08-15
SKU03533,149,178,60,0,14,2026-08-15
SKU03534,321,265,87,0,14,2026-08-15
SKU03535,267,761,264,0,14,2026-08-15
SKU03536,52,84,34,0,14,2026-08-15
SKU03537,181,118,50,0,14,2026-08-15
SKU03538,208,91,24,0,14,2026-08-15
SKU03539,270,134,39,0,14,2026-08-15
SKU03540,261,122,40,0,14,2026-08-15
SKU03541,265,159,77,0,14,2026-08-15
SKU03542,390,271,104,0,14,2026-08-15
SKU03543,31,66,33,0,14,2026-08-15
SKU03544,489,170,47,0,14,2026-08-15
SKU03545,137,84,25,0,14,2026-08-15
SKU03546,0,828,299,0,14,2026-08-15
SKU03547,210,119,27,0,14,2026-08-15
SKU03548,160,107,51,0,14,2026-08-15
SKU03549,479,313,121,0,14,2026-08-15
SKU03550,162,128,43,0,14,2026-08-15
SKU03551,421,198,69,0,14,2026-08-15
SKU03552,154,78,29,0,14,2026-08-15
SKU03553,91,58,28,0,14,2026-08-15
SKU03556,194,101,47,0,14,2026-08-15
SKU03557,72,27,8,0,14,2026-08-15
SKU03558,22,29,14,0,14,2026-08-15
SKU03559,21,29,14,0,14,2026-08-15
SKU03560,248,143,44,0,14,2026-08-15
SKU03561,190,217,78,0,14,2026-08-15
SKU03562,6516,1531,596,0,14,2026-08-15
SKU03563,178,162,48,0,14,2026-08-15
SKU03564,122,150,60,0,14,2026-08-15
SKU03566,209,241,68,0,14,2026-08-15
SKU03567,260,105,34,0,14,2026-08-15
SKU03568,658,340,105,0,14,2026-08-15
SKU03569,47,23,5,0,14,2026-08-15
SKU03570,376,192,85,0,14,2026-08-15
SKU03571,50,20,5,0,14,2026-08-15
SKU03572,73,55,20,0,14,2026-08-15
SKU03573,108,37,8,0,14,2026-08-15
SKU03574,6128,1277,474,0,14,2026-08-15
SKU03575,791,467,151,0,14,2026-08-15
SKU03576,14,21,5,0,14,2026-08-15
SKU03577,79,199,50,0,14,2026-08-15
SKU03578,0,880,290,0,14,2026-08-15
SKU03579,590,339,135,0,14,2026-08-15
SKU03580,3329,773,249,0,14,2026-08-15
SKU03581,62,48,22,0,14,2026-08-15
SKU03582,3820,870,302,0,14,2026-08-15
SKU03583,4131,962,354,0,14,2026-08-15
SKU03584,115,61,26,0,14,2026-08-15
SKU03585,112,125,53,0,14,2026-08-15
SKU03587,305,216,85,0,14,2026-08-15
SKU03588,150,153,58,0,14,2026-08-15
SKU03589,41,75,28,0,14,2026-08-15
SKU03590,70,51,18,0,14,2026-08-15
SKU03591,343,192,72,0,14,2026-08-15
SKU03592,5884,1242,449,0,14,2026-08-15
SKU03593,119,46,15,0,14,2026-08-15
SKU03594,84,71,21,0,14,2026-08-15
SKU03595,134,77,34,0,14,2026-08-15
SKU03596,125,122,39,0,14,2026-08-15
SKU03597,378,204,73,0,14,2026-08-15
SKU03598,485,283,100,0,14,2026-08-15
SKU03599,32,37,8,0,14,2026-08-15
SKU03600,143,113,33,0,14,2026-08-15
SKU03601,638,353,142,0,14,2026-08-15
SKU03602,5575,1279,501,0,14,2026-08-15
SKU03603,8218,1835,581,0,14,2026-08-15
SKU03604,89,105,36,0,14,2026-08-15
SKU03605,460,383,122,0,14,2026-08-15
SKU03606,345,220,57,0,14,2026-08-15
SKU03607,284,303,120,0,14,2026-08-15
SKU03608,217,140,59,0,14,2026-08-15
SKU03609,9022,2008,651,0,14,2026-08-15
SKU03610,88,64,16,0,14,2026-08-15
SKU03611,47,46,14,0,14,2026-08-15
SKU03612,18,49,23,0,14,2026-08-15
SKU03613,420,205,87,0,14,2026-08-15
SKU03614,295,219,75,0,14,2026-08-15
SKU03615,194,169,50,0,14,2026-08-15
SKU03616,223,160,59,0,14,2026-08-15
SKU03617,607,298,106,0,14,2026-08-15
SKU03618,154,144,59,0,14,2026-08-15
SKU03619,132,108,37,0,14,2026-08-15
SKU03620,89,78,31,0,14,2026-08-15
SKU03621,3989,883,321,0,14,2026-08-15
SKU03622,349,752,274,0,14,2026-08-15
SKU03623,257,105,49,0,14,2026-08-15
SKU03624,6052,1550,530,0,14,2026-08-15
SKU03625,228,106,39,0,14,2026-08-15
SKU03627,6880,1460,520,0,14,2026-08-15
SKU03628,349,157,65,0,14,2026-08-15
SKU03629,530,258,80,0,14,2026-08-15
SKU03631,47,76,36,0,14,2026-08-15
SKU03632,72,77,18,0,14,2026-08-15
SKU03633,0,825,285,0,14,2026-08-15
SKU03634,5500,1283,463,0,14,2026-08-15
SKU03635,89,139,49,0,14,2026-08-15
SKU03636,29,23,6,0,14,2026-08-15
SKU03637,188,133,52,0,14,2026-08-15
SKU03638,246,120,51,0,14,2026-08-15
SKU03639,197,89,39,0,14,2026-08-15
SKU03641,106,170,57,0,14,2026-08-15
SKU03642,40,32,10,0,14,2026-08-15
SKU03643,491,225,88,0,14,2026-08-15
SKU03645,151,76,25,0,14,2026-08-15
SKU03646,85,87,34,0,14,2026-08-15
SKU03647,110,124,45,0,14,2026-08-15
SKU03648,268,218,85,0,14,2026-08-15
SKU03649,241,85,39,0,14,2026-08-15
SKU03650,546,355,137,0,14,2026-08-15
SKU03651,112,55,13,0,14,2026-08-15
SKU03652,376,256,91,0,14,2026-08-15
SKU03653,56,22,10,0,14,2026-08-15
SKU03654,245,125,41,0,14,2026-08-15
SKU03655,180,112,43,0,14,2026-08-15
SKU03656,117,113,55,0,14,2026-08-15
SKU03657,62,88,21,0,14,2026-08-15
SKU03658,120,122,33,0,14,2026-08-15
SKU03659,279,119,43,0,14,2026-08-15
SKU03660,51,23,5,0,14,2026-08-15
SKU03661,251,129,63,0,14,2026-08-15
SKU03662,520,209,65,0,14,2026-08-15
SKU03663,204,207,73,0,14,2026-08-15
SKU03664,36,24,10,0,14,2026-08-15
SKU03665,488,284,95,0,14,2026-08-15
SKU03666,174,86,37,0,14,2026-08-15
SKU03667,186,152,46,0,14,2026-08-15
SKU03669,88,98,32,0,14,2026-08-15
SKU03670,239,125,31,0,14,2026-08-15
SKU03671,614,262,84,0,14,2026-08-15
SKU03672,208,74,19,0,14,2026-08-15
SKU03674,167,178,65,0,14,2026-08-15
SKU03675,67,62,19,0,14,2026-08-15
SKU03676,571,236,80,0,14,2026-08-15
SKU03677,317,244,85,0,14,2026-08-15
SKU03678,403,260,86,0,14,2026-08-15
SKU03679,75,105,33,0,14,2026-08-15
SKU03681,22,42,17,0,14,2026-08-15
SKU03682,63,154,51,0,14,2026-08-15
SKU03683,180,88,19,0,14,2026-08-15
SKU03684,188,74,22,0,14,2026-08-15
SKU03685,456,182,59,0,14,2026-08-15
SKU03686,1045,608,243,0,14,2026-08-15
SKU03687,369,263,77,0,14,2026-08-15
SKU03688,412,219,72,0,14,2026-08-15
SKU03689,185,200,54,0,14,2026-08-15
SKU03690,129,117,39,0,14,2026-08-15
SKU03691,159,90,22,0,14,2026-08-15
SKU03692,135,59,22,0,14,2026-08-15
SKU03693,173,1289,405,0,14,2026-08-15
SKU03694,217,102,45,0,14,2026-08-15
SKU03695,71,28,13,0,14,2026-08-15
SKU03696,235,100,27,0,14,2026-08-15
SKU03697,59,29,8,0,14,2026-08-15
SKU03698,273,115,31,0,14,2026-08-15
SKU03699,317,282,80,0,14,2026-08-15
SKU03700,390,163,39,0,14,2026-08-15
SKU03701,130,93,40,0,14,2026-08-15
SKU03702,255,752,252,0,14,2026-08-15
SKU03703,133,46,10,0,14,2026-08-15
SKU03705,303,124,32,0,14,2026-08-15
SKU03706,210,99,22,0,14,2026-08-15
SKU03707,143,100,32,0,14,2026-08-15
SKU03709,5470,1286,462,0,14,2026-08-15
SKU03710,182,186,69,0,14,2026-08-15
SKU03711,331,257,98,0,14,2026-08-15
SKU03712,25,27,10,0,14,2026-08-15
SKU03713,181,226,91,0,14,2026-08-15
SKU03714,406,279,83,0,14,2026-08-15
SKU03715,354,267,104,0,14,2026-08-15
SKU03716,112,94,19,0,14,2026-08-15
SKU03717,181,150,50,0,14,2026-08-15
SKU03718,130,76,31,0,14,2026-08-15
SKU03719,275,316,125,0,14,2026-08-15
SKU03720,274,143,49,0,14,2026-08-15
SKU03721,382,143,48,0,14,2026-08-15
SKU03723,337,264,101,0,14,2026-08-15
SKU03724,224,94,39,0,14,2026-08-15
SKU03725,281,138,57,0,14,2026-08-15
SKU03726,244,146,54,0,14,2026-08-15
SKU03727,102,1038,373,0,14,2026-08-15
SKU03728,62,53,21,0,14,2026-08-15
SKU03729,5,61,20,0,14,2026-08-15
SKU03730,583,265,90,0,14,2026-08-15
SKU03731,207,148,61,0,14,2026-08-15
SKU03732,1121,507,168,0,14,2026-08-15
SKU03733,106,122,49,0,14,2026-08-15
SKU03734,297,136,43,0,14,2026-08-15
SKU03735,268,116,41,0,14,2026-08-15
SKU03736,146,169,71,0,14,2026-08-15
SKU03737,6508,1462,507,0,14,2026-08-15
SKU03738,180,108,39,0,14,2026-08-15
SKU03739,300,192,69,0,14,2026-08-15
SKU03740,4008,1037,327,0,14,2026-08-15
SKU03741,52,166,67,0,14,2026-08-15
SKU03743,0,1163,372,0,14,2026-08-15
SKU03744,4373,1003,363,0,14,2026-08-15
SKU03746,260,173,56,0,14,2026-08-15
SKU03747,180,103,33,0,14,2026-08-15
SKU03748,56,74,25,0,14,2026-08-15
SKU03749,6483,1462,461,0,14,2026-08-15
SKU03750,64,227,78,0,14,2026-08-15
SKU03752,249,178,48,0,14,2026-08-15
SKU03753,175,62,25,0,14,2026-08-15
SKU03754,121,131,36,0,14,2026-08-15
SKU03755,335,136,58,0,14,2026-08-15
SKU03756,36,24,10,0,14,2026-08-15
SKU03757,154,123,43,0,14,2026-08-15
SKU03758,46,99,21,0,14,2026-08-15
SKU03759,392,255,88,0,14,2026-08-15
SKU03760,243,98,29,0,14,2026-08-15
SKU03761,220,116,44,0,14,2026-08-15
SKU03762,419,278,110,0,14,2026-08-15
SKU03763,318,212,86,0,14,2026-08-15
SKU03764,123,58,25,0,14,2026-08-15
SKU03765,37,28,8,0,14,2026-08-15
SKU03766,236,123,45,0,14,2026-08-15
SKU03767,316,180,48,0,14,2026-08-15
SKU03768,89,49,18,0,14,2026-08-15
SKU03769,11,48,18,0,14,2026-08-15
SKU03770,111,186,69,0,14,2026-08-15
SKU03771,51,42,17,0,14,2026-08-15
SKU03772,336,126,41,0,14,2026-08-15
SKU03773,7788,1791,653,0,14,2026-08-15
SKU03774,266,217,65,0,14,2026-08-15
SKU03775,240,245,87,0,14,2026-08-15
SKU03777,395,284,99,0,14,2026-08-15
SKU03778,23,25,10,0,14,2026-08-15
SKU03779,148,100,45,0,14,2026-08-15
SKU03780,370,179,72,0,14,2026-08-15
SKU03781,135,69,31,0,14,2026-08-15
SKU03782,152,60,19,0,14,2026-08-15
SKU03783,167,187,70,0,14,2026-08-15
SKU03784,124,130,58,0,14,2026-08-15
SKU03785,30,51,18,0,14,2026-08-15
SKU03786,10,40,10,0,14,2026-08-15
SKU03787,150,127,51,0,14,2026-08-15
SKU03788,49,86,35,0,14,2026-08-15
SKU03789,253,126,49,0,14,2026-08-15
SKU03791,202,91,30,0,14,2026-08-15
SKU03792,194,94,42,0,14,2026-08-15
SKU03793,453,243,107,0,14,2026-08-15
SKU03794,21,43,14,0,14,2026-08-15
SKU03795,337,125,47,0,14,2026-08-15
SKU03797,216,253,103,0,14,2026-08-15
SKU03798,188,86,43,0,14,2026-08-15
SKU03799,4,58,24,0,14,2026-08-15
SKU03800,0,766,256,0,14,2026-08-15
SKU03802,230,151,57,0,14,2026-08-15
SKU03803,7305,1640,588,0,14,2026-08-15
SKU03805,5339,1262,481,0,14,2026-08-15
SKU03807,4214,911,292,0,14,2026-08-15
SKU03808,190,153,47,0,14,2026-08-15
SKU03809,160,135,48,0,14,2026-08-15
SKU03810,666,300,83,0,14,2026-08-15
SKU03811,596,426,169,0,14,2026-08-15
SKU03812,23,985,348,0,14,2026-08-15
SKU03813,401,149,45,0,14,2026-08-15
SKU03814,263,107,32,0,14,2026-08-15
SKU03815,150,53,15,0,14,2026-08-15
SKU03816,374,325,102,0,14,2026-08-15
SKU03817,121,60,13,0,14,2026-08-15
SKU03818,386,233,62,0,14,2026-08-15
SKU03819,215,122,48,0,14,2026-08-15
SKU03820,47,31,13,0,14,2026-08-15
SKU03821,231,179,53,0,14,2026-08-15
SKU03822,6757,1519,545,0,14,2026-08-15
SKU03823,6636,1457,511,0,14,2026-08-15
SKU03824,269,121,40,0,14,2026-08-15
SKU03825,186,86,27,0,14,2026-08-15
SKU03826,235,126,34,0,14,2026-08-15
SKU03828,6637,1427,499,0,14,2026-08-15
SKU03829,432,192,64,0,14,2026-08-15
SKU03830,90,48,13,0,14,2026-08-15
SKU03831,299,173,74,0,14,2026-08-15
SKU03832,28,49,17,0,14,2026-08-15
SKU03833,6471,1482,496,0,14,2026-08-15
SKU03834,46,45,18,0,14,2026-08-15
SKU03835,22,32,14,0,14,2026-08-15
SKU03837,5797,1226,436,0,14,2026-08-15
SKU03838,259,153,49,0,14,2026-08-15
SKU03839,7744,1715,609,0,14,2026-08-15
SKU03840,68,1338,476,0,14,2026-08-15
SKU03841,51,99,41,0,14,2026-08-15
SKU03842,149,58,23,0,14,2026-08-15
SKU03843,95,75,19,0,14,2026-08-15
SKU03845,533,263,109,0,14,2026-08-15
SKU03846,83,179,78,0,14,2026-08-15
SKU03847,175,80,33,0,14,2026-08-15
SKU03848,4695,1114,409,0,14,2026-08-15
SKU03849,248,215,61,0,14,2026-08-15
SKU03850,132,52,13,0,14,2026-08-15
SKU03851,0,1075,386,0,14,2026-08-15
SKU03852,303,210,77,0,14,2026-08-15
SKU03853,192,88,24,0,14,2026-08-15
SKU03854,284,146,55,0,14,2026-08-15
SKU03855,345,271,110,0,14,2026-08-15
SKU03856,207,178,77,0,14,2026-08-15
SKU03857,361,174,70,0,14,2026-08-15
SKU03859,144,80,32,0,14,2026-08-15
SKU03860,253,141,50,0,14,2026-08-15
SKU03861,108,191,79,0,14,2026-08-15
SKU03862,411,173,69,0,14,2026-08-15
SKU03863,7961,1848,595,0,14,2026-08-15
SKU03864,6464,1429,476,0,14,2026-08-15
SKU03865,179,94,32,0,14,2026-08-15
SKU03866,455,206,69,0,14,2026-08-15
SKU03868,239,119,43,0,14,2026-08-15
SKU03869,206,93,37,0,14,2026-08-15
SKU03870,261,1077,388,0,14,2026-08-15
SKU03871,413,318,121,0,14,2026-08-15
SKU03873,500,230,85,0,14,2026-08-15
SKU03874,92,78,30,0,14,2026-08-15
SKU03875,168,155,50,0,14,2026-08-15
SKU03876,303,704,224,0,14,2026-08-15
SKU03877,394,191,74,0,14,2026-08-15
SKU03878,159,63,18,0,14,2026-08-15
SKU03879,269,172,57,0,14,2026-08-15
SKU03880,172,194,71,0,14,2026-08-15
SKU03881,547,252,96,0,14,2026-08-15
SKU03882,192,96,32,0,14,2026-08-15
SKU03883,293,286,103,0,14,2026-08-15
SKU03884,344,127,42,0,14,2026-08-15
SKU03885,301,187,47,0,14,2026-08-15
SKU03886,126,82,29,0,14,2026-08-15
SKU03887,112,78,26,0,14,2026-08-15
SKU03888,324,180,53,0,14,2026-08-15
SKU03889,182,90,34,0,14,2026-08-15
SKU03890,381,219,82,0,14,2026-08-15
SKU03891,1,74,22,0,14,2026-08-15
SKU03892,5029,1120,390,0,14,2026-08-15
SKU03893,312,185,77,0,14,2026-08-15
SKU03894,268,184,77,0,14,2026-08-15
SKU03895,84,218,71,0,14,2026-08-15
SKU03896,343,179,42,0,14,2026-08-15
SKU03897,175,100,36,0,14,2026-08-15
SKU03898,309,223,90,0,14,2026-08-15
SKU03899,489,282,82,0,14,2026-08-15
SKU03900,388,210,90,0,14,2026-08-15
SKU03901,200,112,49,0,14,2026-08-15
SKU03902,163,214,83,0,14,2026-08-15
SKU03903,282,183,58,0,14,2026-08-15
SKU03904,100,103,43,0,14,2026-08-15
SKU03905,6638,1455,473,0,14,2026-08-15
SKU03906,345,210,80,0,14,2026-08-15
SKU03907,0,908,343,0,14,2026-08-15
SKU03908,254,127,38,0,14,2026-08-15
SKU03909,70,79,17,0,14,2026-08-15
SKU03910,122,142,50,0,14,2026-08-15
SKU03911,239,130,37,0,14,2026-08-15
SKU03912,311,117,40,0,14,2026-08-15
SKU03913,27,83,26,0,14,2026-08-15
SKU03914,185,96,44,0,14,2026-08-15
SKU03915,95,70,18,0,14,2026-08-15
SKU03916,195,125,43,0,14,2026-08-15
SKU03917,285,287,113,0,14,2026-08-15
SKU03918,273,217,89,0,14,2026-08-15
SKU03919,158,63,13,0,14,2026-08-15
SKU03920,64,56,22,0,14,2026-08-15
SKU03921,396,174,77,0,14,2026-08-15
SKU03922,191,91,42,0,14,2026-08-15
SKU03923,177,113,40,0,14,2026-08-15
SKU03924,210,139,44,0,14,2026-08-15
SKU03925,183,162,49,0,14,2026-08-15
SKU03927,189,88,31,0,14,2026-08-15
SKU03928,101,62,29,0,14,2026-08-15
SKU03929,164,98,26,0,14,2026-08-15
SKU03930,49,72,27,0,14,2026-08-15
SKU03931,3555,963,306,0,14,2026-08-15
SKU03932,8004,1739,615,0,14,2026-08-15
SKU03933,134,116,38,0,14,2026-08-15
SKU03934,132,272,82,0,14,2026-08-15
SKU03935,155,81,20,0,14,2026-08-15
SKU03936,443,214,76,0,14,2026-08-15
SKU03937,440,330,138,0,14,2026-08-15
SKU03938,270,91,44,0,14,2026-08-15
SKU03939,18,120,39,0,14,2026-08-15
SKU03940,162,227,84,0,14,2026-08-15
SKU03941,5499,1349,491,0,14,2026-08-15
SKU03942,148,98,25,0,14,2026-08-15
SKU03943,84,133,55,0,14,2026-08-15
SKU03944,656,390,135,0,14,2026-08-15
SKU03945,310,215,68,0,14,2026-08-15
SKU03947,248,130,52,0,14,2026-08-15
SKU03948,44,122,42,0,14,2026-08-15
SKU03949,217,76,35,0,14,2026-08-15
SKU03950,8341,1861,652,0,14,2026-08-15
SKU03951,225,276,85,0,14,2026-08-15
SKU03952,71,179,60,0,14,2026-08-15
SKU03953,114,156,45,0,14,2026-08-15
SKU03954,262,169,58,0,14,2026-08-15
SKU03955,140,93,23,0,14,2026-08-15
SKU03956,175,151,57,0,14,2026-08-15
SKU03958,505,220,82,0,14,2026-08-15
SKU03959,205,89,34,0,14,2026-08-15
SKU03960,216,80,30,0,14,2026-08-15
SKU03961,636,300,114,0,14,2026-08-15
SKU03962,69,34,14,0,14,2026-08-15
SKU03963,674,322,113,0,14,2026-08-15
SKU03964,177,132,51,0,14,2026-08-15
SKU03965,262,176,70,0,14,2026-08-15
SKU03966,4412,1012,355,0,14,2026-08-15
SKU03967,399,174,78,0,14,2026-08-15
SKU03968,7787,1745,623,0,14,2026-08-15
SKU03969,299,216,64,0,14,2026-08-15
SKU03970,104,48,15,0,14,2026-08-15
SKU03971,138,89,24,0,14,2026-08-15
SKU03972,424,212,82,0,14,2026-08-15
SKU03974,125,65,14,0,14,2026-08-15
SKU03975,6275,1360,470,0,14,2026-08-15
SKU03976,419,145,58,0,14,2026-08-15
SKU03977,179,132,51,0,14,2026-08-15
SKU03978,189,70,22,0,14,2026-08-15
SKU03979,223,83,23,0,14,2026-08-15
SKU03980,498,325,114,0,14,2026-08-15
SKU03981,281,196,78,0,14,2026-08-15
SKU03982,147,96,33,0,14,2026-08-15
SKU03983,335,145,51,0,14,2026-08-15
SKU03984,626,358,142,0,14,2026-08-15
SKU03985,389,214,71,0,14,2026-08-15
SKU03986,246,166,80,0,14,2026-08-15
SKU03987,50,82,32,0,14,2026-08-15
SKU03988,94,105,35,0,14,2026-08-15
SKU03989,229,196,84,0,14,2026-08-15
SKU03990,32,40,19,0,14,2026-08-15
SKU03991,252,121,51,0,14,2026-08-15
SKU03992,681,441,165,0,14,2026-08-15
SKU03994,307,149,52,0,14,2026-08-15
SKU03995,353,181,71,0,14,2026-08-15
SKU03996,337,300,106,0,14,2026-08-15
SKU03997,242,176,49,0,14,2026-08-15
SKU03998,38,45,15,0,14,2026-08-15
SKU04000,5,23,8,0,14,2026-08-15
SKU04001,433,264,91,0,14,2026-08-15
SKU04002,403,243,100,0,14,2026-08-15
SKU04003,176,123,40,0,14,2026-08-15
SKU04004,102,36,7,0,14,2026-08-15
SKU04005,215,233,83,0,14,2026-08-15
SKU04006,51,34,10,0,14,2026-08-15
SKU04007,157,96,39,0,14,2026-08-15
SKU04008,232,148,56,0,14,2026-08-15
SKU04009,380,296,97,0,14,2026-08-15
SKU04010,101,66,28,0,14,2026-08-15
SKU04011,106,116,50,0,14,2026-08-15
SKU04012,82,629,187,0,14,2026-08-15
SKU04013,161,101,27,0,14,2026-08-15
SKU04014,78,85,39,0,14,2026-08-15
SKU04015,412,198,77,0,14,2026-08-15
SKU04016,361,1191,416,0,14,2026-08-15
SKU04017,261,153,71,0,14,2026-08-15
SKU04018,69,88,23,0,14,2026-08-15
SKU04019,6691,1391,483,0,14,2026-08-15
SKU04020,188,191,74,0,14,2026-08-15
SKU04021,303,149,50,0,14,2026-08-15
SKU04022,319,234,60,0,14,2026-08-15
SKU04023,222,131,34,0,14,2026-08-15
SKU04024,230,122,51,0,14,2026-08-15
SKU04025,155,79,24,0,14,2026-08-15
SKU04026,245,124,29,0,14,2026-08-15
SKU04028,372,271,102,0,14,2026-08-15
SKU04029,118,94,28,0,14,2026-08-15
SKU04030,308,158,64,0,14,2026-08-15
SKU04031,87,38,15,0,14,2026-08-15
SKU04032,217,773,258,0,14,2026-08-15
SKU04033,161,94,31,0,14,2026-08-15
SKU04034,73,68,20,0,14,2026-08-15
SKU04035,0,942,288,0,14,2026-08-15
SKU04036,179,77,26,0,14,2026-08-15
SKU04037,214,120,40,0,14,2026-08-15
SKU04038,357,307,93,0,14,2026-08-15
SKU04039,143,76,31,0,14,2026-08-15
SKU04040,30,30,9,0,14,2026-08-15
SKU04041,184,723,250,0,14,2026-08-15
SKU04042,161,107,37,0,14,2026-08-15
SKU04044,341,267,112,0,14,2026-08-15
SKU04045,228,176,75,0,14,2026-08-15
SKU04046,51,704,233,0,14,2026-08-15
SKU04049,757,351,110,0,14,2026-08-15
SKU04050,395,281,91,0,14,2026-08-15
SKU04051,193,75,25,0,14,2026-08-15
SKU04052,6170,1419,518,0,14,2026-08-15
SKU04053,7592,1798,665,0,14,2026-08-15
SKU04054,7673,1693,590,0,14,2026-08-15
SKU04055,41,26,7,0,14,2026-08-15
SKU04056,38,106,46,0,14,2026-08-15
SKU04057,711,385,139,0,14,2026-08-15
SKU04058,67,89,18,0,14,2026-08-15
SKU04060,543,302,112,0,14,2026-08-15
SKU04061,96,79,32,0,14,2026-08-15
SKU04062,7249,1618,618,0,14,2026-08-15
SKU04063,50,168,54,0,14,2026-08-15
SKU04065,354,177,77,0,14,2026-08-15
SKU04066,498,220,74,0,14,2026-08-15
SKU04068,67,24,6,0,14,2026-08-15
SKU04069,137,124,58,0,14,2026-08-15
SKU04070,115,122,33,0,14,2026-08-15
SKU04071,368,149,49,0,14,2026-08-15
SKU04072,55,81,21,0,14,2026-08-15
SKU04073,5701,1357,458,0,14,2026-08-15
SKU04074,7,50,19,0,14,2026-08-15
SKU04075,59,94,28,0,14,2026-08-15
SKU04076,27,23,7,0,14,2026-08-15
SKU04077,506,186,65,0,14,2026-08-15
SKU04078,582,450,196,0,14,2026-08-15
SKU04079,84,127,50,0,14,2026-08-15
SKU04080,186,67,18,0,14,2026-08-15
SKU04081,178,158,46,0,14,2026-08-15
SKU04082,110,55,21,0,14,2026-08-15
SKU04083,191,82,33,0,14,2026-08-15
SKU04084,465,290,94,0,14,2026-08-15
SKU04085,205,183,79,0,14,2026-08-15
SKU04086,290,196,79,0,14,2026-08-15
SKU04087,128,87,38,0,14,2026-08-15
SKU04088,73,28,7,0,14,2026-08-15
SKU04089,373,189,73,0,14,2026-08-15
SKU04090,476,232,50,0,14,2026-08-15
SKU04091,120,136,65,0,14,2026-08-15
SKU04092,310,168,62,0,14,2026-08-15
SKU04093,244,131,55,0,14,2026-08-15
SKU04094,144,114,25,0,14,2026-08-15
SKU04095,438,176,59,0,14,2026-08-15
SKU04096,88,41,12,0,14,2026-08-15
SKU04097,107,79,30,0,14,2026-08-15
SKU04098,458,220,83,0,14,2026-08-15
SKU04101,117,63,23,0,14,2026-08-15
SKU04102,5207,1170,439,0,14,2026-08-15
SKU04103,16,46,15,0,14,2026-08-15
SKU04104,60,73,29,0,14,2026-08-15
SKU04105,72,1008,385,0,14,2026-08-15
SKU04106,4172,911,313,0,14,2026-08-15
SKU04107,4625,1109,407,0,14,2026-08-15
SKU04108,406,220,73,0,14,2026-08-15
SKU04109,214,187,80,0,14,2026-08-15
SKU04110,165,70,29,0,14,2026-08-15
SKU04111,104,50,17,0,14,2026-08-15
SKU04114,213,84,38,0,14,2026-08-15
SKU04116,419,259,82,0,14,2026-08-15
SKU04117,77,137,61,0,14,2026-08-15
SKU04119,117,83,19,0,14,2026-08-15
SKU04120,155,92,30,0,14,2026-08-15
SKU04121,218,207,72,0,14,2026-08-15
SKU04122,353,170,68,0,14,2026-08-15
SKU04123,82,69,27,0,14,2026-08-15
SKU04124,102,59,13,0,14,2026-08-15
SKU04125,274,184,65,0,14,2026-08-15
SKU04126,63,922,283,0,14,2026-08-15
SKU04127,137,81,24,0,14,2026-08-15
SKU04128,154,78,28,0,14,2026-08-15
SKU04129,281,124,37,0,14,2026-08-15
SKU04130,44,92,18,0,14,2026-08-15
SKU04131,161,105,33,0,14,2026-08-15
SKU04132,150,51,16,0,14,2026-08-15
SKU04133,295,163,56,0,14,2026-08-15
SKU04135,364,227,70,0,14,2026-08-15
SKU04136,172,114,41,0,14,2026-08-15
SKU04137,91,107,36,0,14,2026-08-15
SKU04138,71,81,25,0,14,2026-08-15
SKU04139,172,111,38,0,14,2026-08-15
SKU04140,108,736,261,0,14,2026-08-15
SKU04141,110,104,42,0,14,2026-08-15
SKU04142,4297,1017,384,0,14,2026-08-15
SKU04144,7612,1799,648,0,14,2026-08-15
SKU04145,3684,842,299,0,14,2026-08-15
SKU04146,161,60,28,0,14,2026-08-15
SKU04147,6996,1551,567,0,14,2026-08-15
SKU04148,37,49,21,0,14,2026-08-15
SKU04149,34,28,13,0,14,2026-08-15
SKU04150,93,74,25,0,14,2026-08-15
SKU04151,266,239,72,0,14,2026-08-15
SKU04152,6454,1348,463,0,14,2026-08-15
SKU04153,7580,1766,621,0,14,2026-08-15
SKU04154,327,1012,358,0,14,2026-08-15
SKU04155,74,64,19,0,14,2026-08-15
SKU04156,0,64,21,0,14,2026-08-15
SKU04157,58,1005,330,0,14,2026-08-15
SKU04158,36,97,33,0,14,2026-08-15
SKU04159,248,183,51,0,14,2026-08-15
SKU04160,56,76,23,0,14,2026-08-15
SKU04161,66,69,27,0,14,2026-08-15
SKU04162,31,55,21,0,14,2026-08-15
SKU04163,106,126,48,0,14,2026-08-15
SKU04164,133,57,17,0,14,2026-08-15
SKU04165,287,167,54,0,14,2026-08-15
SKU04166,0,797,286,0,14,2026-08-15
SKU04169,77,66,27,0,14,2026-08-15
SKU04170,183,161,48,0,14,2026-08-15
SKU04171,5,88,26,0,14,2026-08-15
SKU04172,238,122,32,0,14,2026-08-15
SKU04173,143,147,44,0,14,2026-08-15
SKU04174,256,114,27,0,14,2026-08-15
SKU04175,51,110,34,0,14,2026-08-15
SKU04176,10,25,8,0,14,2026-08-15
SKU04177,540,269,86,0,14,2026-08-15
SKU04178,339,184,60,0,14,2026-08-15
SKU04179,177,82,34,0,14,2026-08-15
SKU04180,438,320,110,0,14,2026-08-15
SKU04181,55,97,48,0,14,2026-08-15
SKU04184,125,54,13,0,14,2026-08-15
SKU04185,109,102,32,0,14,2026-08-15
SKU04186,340,125,37,0,14,2026-08-15
SKU04187,305,202,67,0,14,2026-08-15
SKU04188,143,139,49,0,14,2026-08-15
SKU04189,155,111,25,0,14,2026-08-15
SKU04190,102,84,33,0,14,2026-08-15
SKU04191,0,1088,372,0,14,2026-08-15
SKU04192,760,367,99,0,14,2026-08-15
SKU04193,46,30,13,0,14,2026-08-15
SKU04194,6518,1489,514,0,14,2026-08-15
SKU04195,210,81,22,0,14,2026-08-15
SKU04196,223,86,35,0,14,2026-08-15
SKU04197,620,298,111,0,14,2026-08-15
SKU04198,402,180,74,0,14,2026-08-15
SKU04199,229,102,27,0,14,2026-08-15
SKU04201,325,184,56,0,14,2026-08-15
SKU04202,311,222,91,0,14,2026-08-15
SKU04203,384,313,132,0,14,2026-08-15
SKU04204,287,157,49,0,14,2026-08-15
SKU04205,127,90,33,0,14,2026-08-15
SKU04206,38,64,24,0,14,2026-08-15
SKU04207,130,169,54,0,14,2026-08-15
SKU04208,73,90,30,0,14,2026-08-15
SKU04209,177,82,36,0,14,2026-08-15
SKU04211,120,150,49,0,14,2026-08-15
SKU04212,5905,1345,505,0,14,2026-08-15
SKU04213,155,63,17,0,14,2026-08-15
SKU04214,73,54,25,0,14,2026-08-15
SKU04215,7022,1594,545,0,14,2026-08-15
SKU04216,190,107,37,0,14,2026-08-15
SKU04217,6589,1463,482,0,14,2026-08-15
SKU04218,93,71,20,0,14,2026-08-15
SKU04219,331,195,71,0,14,2026-08-15
SKU04220,257,136,48,0,14,2026-08-15
SKU04221,181,94,41,0,14,2026-08-15
SKU04222,7311,1578,568,0,14,2026-08-15
SKU04223,226,212,73,0,14,2026-08-15
SKU04225,169,65,17,0,14,2026-08-15
SKU04226,461,229,87,0,14,2026-08-15
SKU04227,80,28,6,0,14,2026-08-15
SKU04228,7249,1640,546,0,14,2026-08-15
SKU04229,142,58,29,0,14,2026-08-15
SKU04230,32,50,13,0,14,2026-08-15
SKU04231,155,61,24,0,14,2026-08-15
SKU04233,247,181,45,0,14,2026-08-15
SKU04234,129,148,49,0,14,2026-08-15
SKU04235,481,307,109,0,14,2026-08-15
SKU04236,7621,1635,574,0,14,2026-08-15
SKU04237,78,31,7,0,14,2026-08-15
SKU04238,268,227,68,0,14,2026-08-15
SKU04239,174,116,35,0,14,2026-08-15
SKU04240,66,42,10,0,14,2026-08-15
SKU04241,46,37,11,0,14,2026-08-15
SKU04242,107,53,21,0,14,2026-08-15
SKU04243,28,31,12,0,14,2026-08-15
SKU04244,4751,1080,348,0,14,2026-08-15
SKU04245,99,725,264,0,14,2026-08-15
SKU04246,130,68,16,0,14,2026-08-15
SKU04247,88,30,12,0,14,2026-08-15
SKU04249,130,224,102,0,14,2026-08-15
SKU04250,6102,1428,486,0,14,2026-08-15
SKU04251,353,299,110,0,14,2026-08-15
SKU04252,121,59,25,0,14,2026-08-15
SKU04253,20,54,12,0,14,2026-08-15
SKU04254,367,218,76,0,14,2026-08-15
SKU04255,320,285,103,0,14,2026-08-15
SKU04256,36,85,37,0,14,2026-08-15
SKU04258,260,132,56,0,14,2026-08-15
SKU04259,462,239,87,0,14,2026-08-15
SKU04261,5932,1323,490,0,14,2026-08-15
SKU04262,89,39,19,0,14,2026-08-15
SKU04263,334,168,55,0,14,2026-08-15
SKU04264,341,204,71,0,14,2026-08-15
SKU04265,329,160,53,0,14,2026-08-15
SKU04266,337,148,61,0,14,2026-08-15
SKU04267,261,144,37,0,14,2026-08-15
SKU04269,0,22,6,0,14,2026-08-15
SKU04270,369,187,69,0,14,2026-08-15
SKU04272,26,20,9,0,14,2026-08-15
SKU04273,131,697,260,0,14,2026-08-15
SKU04274,277,169,62,0,14,2026-08-15
SKU04275,28,46,18,0,14,2026-08-15
SKU04276,144,120,46,0,14,2026-08-15
SKU04277,381,181,56,0,14,2026-08-15
SKU04280,335,928,315,0,14,2026-08-15
SKU04281,6997,1593,496,0,14,2026-08-15
SKU04282,213,118,51,0,14,2026-08-15
SKU04283,136,80,25,0,14,2026-08-15
SKU04284,203,190,61,0,14,2026-08-15
SKU04285,477,186,63,0,14,2026-08-15
SKU04286,214,138,48,0,14,2026-08-15
SKU04287,12,88,39,0,14,2026-08-15
SKU04289,173,145,39,0,14,2026-08-15
SKU04290,85,58,29,0,14,2026-08-15
SKU04291,324,211,66,0,14,2026-08-15
SKU04292,7275,1650,558,0,14,2026-08-15
SKU04293,72,50,12,0,14,2026-08-15
SKU04294,177,145,34,0,14,2026-08-15
SKU04295,84,102,29,0,14,2026-08-15
SKU04296,70,26,7,0,14,2026-08-15
SKU04297,257,162,72,0,14,2026-08-15
SKU04298,189,91,39,0,14,2026-08-15
SKU04299,380,198,78,0,14,2026-08-15
SKU04300,233,196,54,0,14,2026-08-15
SKU04301,89,62,21,0,14,2026-08-15
SKU04302,69,30,8,0,14,2026-08-15
SKU04303,453,195,78,0,14,2026-08-15
SKU04304,99,76,28,0,14,2026-08-15
SKU04305,0,666,232,0,14,2026-08-15
SKU04306,282,212,72,0,14,2026-08-15
SKU04307,369,287,93,0,14,2026-08-15
SKU04308,87,35,13,0,14,2026-08-15
SKU04309,11,154,49,0,14,2026-08-15
SKU04310,309,209,48,0,14,2026-08-15
SKU04311,264,121,43,0,14,2026-08-15
SKU04313,247,178,60,0,14,2026-08-15
SKU04314,203,141,59,0,14,2026-08-15
SKU04315,87,1039,334,0,14,2026-08-15
SKU04317,212,113,39,0,14,2026-08-15
SKU04318,38,671,246,0,14,2026-08-15
SKU04319,4249,1011,344,0,14,2026-08-15
SKU04320,239,121,41,0,14,2026-08-15
SKU04321,260,581,189,0,14,2026-08-15
SKU04322,130,105,36,0,14,2026-08-15
SKU04323,37,47,14,0,14,2026-08-15
SKU04324,3,27,13,0,14,2026-08-15
SKU04325,77,32,12,0,14,2026-08-15
SKU04326,193,111,42,0,14,2026-08-15
SKU04327,114,167,58,0,14,2026-08-15
SKU04328,146,207,76,0,14,2026-08-15
SKU04329,0,846,325,0,14,2026-08-15
SKU04330,64,42,17,0,14,2026-08-15
SKU04331,433,273,111,0,14,2026-08-15
SKU04332,46,42,18,0,14,2026-08-15
SKU04333,238,210,93,0,14,2026-08-15
SKU04334,7084,1570,554,0,14,2026-08-15
SKU04335,132,180,63,0,14,2026-08-15
SKU04336,184,92,35,0,14,2026-08-15
SKU04338,268,116,25,0,14,2026-08-15
SKU04339,12,41,11,0,14,2026-08-15
SKU04340,493,293,126,0,14,2026-08-15
SKU04342,95,41,18,0,14,2026-08-15
SKU04343,110,83,26,0,14,2026-08-15
SKU04344,34,66,32,0,14,2026-08-15
SKU04345,384,234,91,0,14,2026-08-15
SKU04346,0,1109,369,0,14,2026-08-15
SKU04347,213,99,25,0,14,2026-08-15
SKU04348,16,782,279,0,14,2026-08-15
SKU04349,324,174,59,0,14,2026-08-15
SKU04350,61,1094,345,0,14,2026-08-15
SKU04351,168,64,22,0,14,2026-08-15
SKU04352,5625,1206,417,0,14,2026-08-15
SKU04353,74,58,18,0,14,2026-08-15
SKU04354,132,94,30,0,14,2026-08-15
SKU04355,95,88,19,0,14,2026-08-15
SKU04356,352,131,45,0,14,2026-08-15
SKU04357,386,172,59,0,14,2026-08-15
SKU04358,86,200,88,0,14,2026-08-15
SKU04360,230,147,48,0,14,2026-08-15
SKU04361,97,42,20,0,14,2026-08-15
SKU04362,14,1202,429,0,14,2026-08-15
SKU04363,73,81,33,0,14,2026-08-15
SKU04364,1075,479,169,0,14,2026-08-15
SKU04365,300,181,81,0,14,2026-08-15
SKU04366,250,107,29,0,14,2026-08-15
SKU04368,28,75,34,0,14,2026-08-15
SKU04369,735,356,104,0,14,2026-08-15
SKU04370,357,276,104,0,14,2026-08-15
SKU04372,8,62,30,0,14,2026-08-15
SKU04373,480,262,96,0,14,2026-08-15
SKU04375,116,84,34,0,14,2026-08-15
SKU04377,122,70,31,0,14,2026-08-15
SKU04378,312,179,54,0,14,2026-08-15
SKU04379,114,144,57,0,14,2026-08-15
SKU04380,72,54,17,0,14,2026-08-15
SKU04381,208,813,296,0,14,2026-08-15
SKU04383,70,54,22,0,14,2026-08-15
SKU04384,343,179,60,0,14,2026-08-15
SKU04386,14,27,12,0,14,2026-08-15
SKU04387,449,182,43,0,14,2026-08-15
SKU04388,5379,1299,416,0,14,2026-08-15
SKU04389,233,93,41,0,14,2026-08-15
SKU04391,212,87,22,0,14,2026-08-15
SKU04392,5951,1424,527,0,14,2026-08-15
SKU04394,129,100,43,0,14,2026-08-15
SKU04395,32,33,7,0,14,2026-08-15
SKU04396,495,301,107,0,14,2026-08-15
SKU04397,58,66,20,0,14,2026-08-15
SKU04398,636,418,111,0,14,2026-08-15
SKU04400,330,157,60,0,14,2026-08-15
SKU04401,5464,1274,428,0,14,2026-08-15
SKU04402,40,83,27,0,14,2026-08-15
SKU04403,233,209,68,0,14,2026-08-15
SKU04404,394,185,44,0,14,2026-08-15
SKU04405,54,148,53,0,14,2026-08-15
SKU04408,16,24,9,0,14,2026-08-15
SKU04409,7772,1688,570,0,14,2026-08-15
SKU04410,154,146,53,0,14,2026-08-15
SKU04411,333,236,93,0,14,2026-08-15
SKU04412,6871,1535,546,0,14,2026-08-15
SKU04413,270,144,68,0,14,2026-08-15
SKU04414,4789,1079,365,0,14,2026-08-15
SKU04415,453,240,86,0,14,2026-08-15
SKU04416,307,282,75,0,14,2026-08-15
SKU04417,514,308,129,0,14,2026-08-15
SKU04418,304,174,54,0,14,2026-08-15
SKU04419,110,86,32,0,14,2026-08-15
SKU04420,15,21,6,0,14,2026-08-15
SKU04421,401,192,57,0,14,2026-08-15
SKU04422,220,207,55,0,14,2026-08-15
SKU04424,81,239,97,0,14,2026-08-15
SKU04425,178,82,31,0,14,2026-08-15
SKU04427,37,110,47,0,14,2026-08-15
SKU04428,661,310,109,0,14,2026-08-15
SKU04429,20,58,12,0,14,2026-08-15
SKU04430,139,48,16,0,14,2026-08-15
SKU04431,75,118,31,0,14,2026-08-15
SKU04432,88,100,35,0,14,2026-08-15
SKU04433,433,290,105,0,14,2026-08-15
SKU04434,50,74,24,0,14,2026-08-15
SKU04435,371,193,74,0,14,2026-08-15
SKU04436,133,163,50,0,14,2026-08-15
SKU04437,49,37,14,0,14,2026-08-15
SKU04438,200,156,38,0,14,2026-08-15
SKU04439,35,52,13,0,14,2026-08-15
SKU04440,392,275,96,0,14,2026-08-15
SKU04441,81,89,34,0,14,2026-08-15
SKU04442,6795,1509,529,0,14,2026-08-15
SKU04443,6354,1373,512,0,14,2026-08-15
SKU04445,311,155,54,0,14,2026-08-15
SKU04446,323,244,78,0,14,2026-08-15
SKU04447,351,145,56,0,14,2026-08-15
SKU04448,379,399,139,0,14,2026-08-15
SKU04449,162,157,59,0,14,2026-08-15
SKU04450,315,248,96,0,14,2026-08-15
SKU04451,26,27,10,0,14,2026-08-15
SKU04452,328,351,136,0,14,2026-08-15
SKU04453,0,843,304,0,14,2026-08-15
SKU04454,129,181,73,0,14,2026-08-15
SKU04455,810,405,137,0,14,2026-08-15
SKU04456,494,346,102,0,14,2026-08-15
SKU04457,315,179,58,0,14,2026-08-15
SKU04458,213,189,57,0,14,2026-08-15
SKU04459,147,87,41,0,14,2026-08-15
SKU04461,137,96,39,0,14,2026-08-15
SKU04462,323,193,82,0,14,2026-08-15
SKU04463,119,206,72,0,14,2026-08-15
SKU04464,391,199,73,0,14,2026-08-15
SKU04465,52,25,7,0,14,2026-08-15
SKU04466,116,61,17,0,14,2026-08-15
SKU04467,325,171,52,0,14,2026-08-15
SKU04468,5088,1146,383,0,14,2026-08-15
SKU04469,59,124,35,0,14,2026-08-15
SKU04470,829,332,133,0,14,2026-08-15
SKU04471,63,52,15,0,14,2026-08-15
SKU04472,289,286,65,0,14,2026-08-15
SKU04473,221,83,19,0,14,2026-08-15
SKU04474,403,173,52,0,14,2026-08-15
SKU04475,7927,1895,653,0,14,2026-08-15
SKU04476,0,678,249,0,14,2026-08-15
SKU04477,134,73,18,0,14,2026-08-15
SKU04478,7,115,35,0,14,2026-08-15
SKU04479,355,151,69,0,14,2026-08-15
SKU04480,115,84,30,0,14,2026-08-15
SKU04481,581,319,139,0,14,2026-08-15
SKU04482,144,186,64,0,14,2026-08-15
SKU04483,491,283,111,0,14,2026-08-15
SKU04484,261,93,36,0,14,2026-08-15
SKU04485,33,79,23,0,14,2026-08-15
SKU04486,431,240,84,0,14,2026-08-15
SKU04487,8,27,8,0,14,2026-08-15
SKU04488,460,250,73,0,14,2026-08-15
SKU04489,60,728,259,0,14,2026-08-15
SKU04490,131,142,70,0,14,2026-08-15
SKU04491,7041,1560,543,0,14,2026-08-15
SKU04492,24,70,34,0,14,2026-08-15
SKU04493,510,305,108,0,14,2026-08-15
SKU04494,379,220,86,0,14,2026-08-15
SKU04495,488,261,118,0,14,2026-08-15
SKU04497,4,80,22,0,14,2026-08-15
SKU04498,342,192,68,0,14,2026-08-15
SKU04499,376,164,57,0,14,2026-08-15
SKU04500,214,154,60,0,14,2026-08-15
SKU04501,198,142,39,0,14,2026-08-15
SKU04502,65,71,25,0,14,2026-08-15
SKU04503,375,175,71,0,14,2026-08-15
SKU04504,3152,867,277,0,14,2026-08-15
SKU04505,7727,1687,623,0,14,2026-08-15
SKU04506,595,408,155,0,14,2026-08-15
SKU04507,78,52,19,0,14,2026-08-15
SKU04508,3,777,260,0,14,2026-08-15
SKU04509,258,258,81,0,14,2026-08-15
SKU04510,224,109,40,0,14,2026-08-15
SKU04511,501,277,103,0,14,2026-08-15
SKU04512,153,102,41,0,14,2026-08-15
SKU04513,207,203,86,0,14,2026-08-15
SKU04515,208,188,76,0,14,2026-08-15
SKU04516,721,404,151,0,14,2026-08-15
SKU04517,33,54,14,0,14,2026-08-15
SKU04518,349,190,68,0,14,2026-08-15
SKU04519,272,212,50,0,14,2026-08-15
SKU04520,37,29,7,0,14,2026-08-15
SKU04521,479,389,145,0,14,2026-08-15
SKU04522,470,215,94,0,14,2026-08-15
SKU04523,447,196,70,0,14,2026-08-15
SKU04524,5,74,35,0,14,2026-08-15
SKU04525,215,149,41,0,14,2026-08-15
SKU04526,8169,1797,619,0,14,2026-08-15
SKU04527,345,295,104,0,14,2026-08-15
SKU04528,77,87,26,0,14,2026-08-15
SKU04530,296,147,40,0,14,2026-08-15
SKU04531,12,25,5,0,14,2026-08-15
SKU04532,7171,1527,521,0,14,2026-08-15
SKU04533,165,186,53,0,14,2026-08-15
SKU04535,142,106,35,0,14,2026-08-15
SKU04536,6,29,10,0,14,2026-08-15
SKU04538,233,144,41,0,14,2026-08-15
SKU04539,229,150,54,0,14,2026-08-15
SKU04540,497,231,72,0,14,2026-08-15
SKU04541,133,80,24,0,14,2026-08-15
SKU04542,361,198,75,0,14,2026-08-15
SKU04543,806,462,170,0,14,2026-08-15
SKU04544,297,204,80,0,14,2026-08-15
SKU04546,186,67,23,0,14,2026-08-15
SKU04548,3,41,10,0,14,2026-08-15
SKU04549,42,24,9,0,14,2026-08-15
SKU04550,21,126,32,0,14,2026-08-15
SKU04551,93,1258,479,0,14,2026-08-15
SKU04552,308,136,44,0,14,2026-08-15
SKU04553,243,186,82,0,14,2026-08-15
SKU04554,6258,1373,494,0,14,2026-08-15
SKU04555,35,58,14,0,14,2026-08-15
SKU04556,225,146,63,0,14,2026-08-15
SKU04557,166,100,30,0,14,2026-08-15
SKU04558,97,45,15,0,14,2026-08-15
SKU04559,70,32,7,0,14,2026-08-15
SKU04560,718,406,157,0,14,2026-08-15
SKU04561,176,87,37,0,14,2026-08-15
SKU04562,13,700,254,0,14,2026-08-15
SKU04563,412,197,67,0,14,2026-08-15
SKU04564,437,302,139,0,14,2026-08-15
SKU04565,34,50,11,0,14,2026-08-15
SKU04566,550,423,124,0,14,2026-08-15
SKU04567,224,199,62,0,14,2026-08-15
SKU04568,174,168,44,0,14,2026-08-15
SKU04569,210,75,36,0,14,2026-08-15
SKU04570,342,245,75,0,14,2026-08-15
SKU04571,664,1248,406,0,14,2026-08-15
SKU04572,257,228,64,0,14,2026-08-15
SKU04573,70,189,66,0,14,2026-08-15
SKU04574,19,705,214,0,14,2026-08-15
SKU04575,61,63,21,0,14,2026-08-15
SKU04577,78,36,16,0,14,2026-08-15
SKU04578,430,196,56,0,14,2026-08-15
SKU04579,45,56,14,0,14,2026-08-15
SKU04580,6555,1589,582,0,14,2026-08-15
SKU04581,381,194,71,0,14,2026-08-15
SKU04582,164,133,61,0,14,2026-08-15
SKU04583,253,148,47,0,14,2026-08-15
SKU04584,425,219,76,0,14,2026-08-15
SKU04585,94,191,73,0,14,2026-08-15
SKU04586,173,104,44,0,14,2026-08-15
SKU04587,34,60,14,0,14,2026-08-15
SKU04588,158,94,36,0,14,2026-08-15
SKU04589,366,232,79,0,14,2026-08-15
SKU04591,7049,1500,523,0,14,2026-08-15
SKU04592,378,198,53,0,14,2026-08-15
SKU04593,460,314,106,0,14,2026-08-15
SKU04595,131,44,18,0,14,2026-08-15
SKU04596,72,708,269,0,14,2026-08-15
SKU04597,442,182,44,0,14,2026-08-15
SKU04598,156,150,55,0,14,2026-08-15
SKU04601,345,259,109,0,14,2026-08-15
SKU04602,362,136,42,0,14,2026-08-15
SKU04603,65,55,18,0,14,2026-08-15
SKU04604,333,226,68,0,14,2026-08-15
SKU04605,4588,1218,406,0,14,2026-08-15
SKU04607,3883,921,313,0,14,2026-08-15
SKU04608,9,87,40,0,14,2026-08-15
SKU04609,219,205,66,0,14,2026-08-15
SKU04610,212,154,60,0,14,2026-08-15
SKU04611,116,128,53,0,14,2026-08-15
SKU04612,6072,1273,475,0,14,2026-08-15
SKU04613,359,188,79,0,14,2026-08-15
SKU04614,356,276,70,0,14,2026-08-15
SKU04615,144,205,57,0,14,2026-08-15
SKU04616,193,162,47,0,14,2026-08-15
SKU04617,71,70,30,0,14,2026-08-15
SKU04618,62,50,18,0,14,2026-08-15
SKU04620,17,24,8,0,14,2026-08-15
SKU04623,200,73,20,0,14,2026-08-15
SKU04625,86,84,20,0,14,2026-08-15
SKU04626,339,774,299,0,14,2026-08-15
SKU04627,0,544,176,0,14,2026-08-15
SKU04628,318,178,65,0,14,2026-08-15
SKU04629,162,98,45,0,14,2026-08-15
SKU04630,7,23,6,0,14,2026-08-15
SKU04632,43,140,53,0,14,2026-08-15
SKU04633,0,711,235,0,14,2026-08-15
SKU04634,35,42,12,0,14,2026-08-15
SKU04635,88,67,28,0,14,2026-08-15
SKU04636,90,55,12,0,14,2026-08-15
SKU04637,115,129,33,0,14,2026-08-15
SKU04638,205,180,55,0,14,2026-08-15
SKU04639,61,75,21,0,14,2026-08-15
SKU04640,60,29,8,0,14,2026-08-15
SKU04641,7392,1675,590,0,14,2026-08-15
SKU04642,356,162,52,0,14,2026-08-15
SKU04643,6913,1505,567,0,14,2026-08-15
SKU04644,110,48,23,0,14,2026-08-15
SKU04645,338,159,59,0,14,2026-08-15
SKU04646,6,470,161,0,14,2026-08-15
SKU04648,103,133,46,0,14,2026-08-15
SKU04649,10,38,9,0,14,2026-08-15
SKU04650,310,124,45,0,14,2026-08-15
SKU04651,53,34,8,0,14,2026-08-15
SKU04652,6491,1488,472,0,14,2026-08-15
SKU04653,5354,1196,410,0,14,2026-08-15
SKU04654,6277,1529,544,0,14,2026-08-15
SKU04657,201,114,41,0,14,2026-08-15
SKU04659,167,82,27,0,14,2026-08-15
SKU04660,42,68,14,0,14,2026-08-15
SKU04661,262,91,33,0,14,2026-08-15
SKU04662,26,33,15,0,14,2026-08-15
SKU04663,0,1222,377,0,14,2026-08-15
SKU04664,248,157,67,0,14,2026-08-15
SKU04665,6681,1529,518,0,14,2026-08-15
SKU04667,30,34,16,0,14,2026-08-15
SKU04668,254,98,33,0,14,2026-08-15
SKU04669,27,35,17,0,14,2026-08-15
SKU04670,120,74,28,0,14,2026-08-15
SKU04671,307,153,55,0,14,2026-08-15
SKU04672,65,171,58,0,14,2026-08-15
SKU04673,287,119,32,0,14,2026-08-15
SKU04674,355,220,82,0,14,2026-08-15
SKU04675,245,178,57,0,14,2026-08-15
SKU04676,133,116,52,0,14,2026-08-15
SKU04677,293,98,30,0,14,2026-08-15
SKU04678,264,139,45,0,14,2026-08-15
SKU04679,8255,1775,628,0,14,2026-08-15
SKU04680,83,142,41,0,14,2026-08-15
SKU04681,136,109,45,0,14,2026-08-15
SKU04682,78,129,46,0,14,2026-08-15
SKU04683,233,159,55,0,14,2026-08-15
SKU04684,336,287,91,0,14,2026-08-15
SKU04685,145,142,43,0,14,2026-08-15
SKU04686,93,72,36,0,14,2026-08-15
SKU04688,408,237,95,0,14,2026-08-15
SKU04690,8332,1741,645,0,14,2026-08-15
SKU04692,61,88,33,0,14,2026-08-15
SKU04693,5974,1372,466,0,14,2026-08-15
SKU04694,110,66,31,0,14,2026-08-15
SKU04695,120,127,48,0,14,2026-08-15
SKU04698,608,360,133,0,14,2026-08-15
SKU04699,469,300,96,0,14,2026-08-15
SKU04700,47,86,21,0,14,2026-08-15
SKU04701,190,86,35,0,14,2026-08-15
SKU04702,510,193,42,0,14,2026-08-15
SKU04703,137,283,93,0,14,2026-08-15
SKU04704,275,150,37,0,14,2026-08-15
SKU04705,70,53,23,0,14,2026-08-15
SKU04706,3539,873,316,0,14,2026-08-15
SKU04707,122,144,46,0,14,2026-08-15
SKU04708,204,118,31,0,14,2026-08-15
SKU04709,163,87,22,0,14,2026-08-15
SKU04710,558,979,372,0,14,2026-08-15
SKU04711,500,274,93,0,14,2026-08-15
SKU04712,360,193,68,0,14,2026-08-15
SKU04713,149,100,36,0,14,2026-08-15
SKU04715,25,27,9,0,14,2026-08-15
SKU04716,64,102,45,0,14,2026-08-15
SKU04717,5576,1267,421,0,14,2026-08-15
SKU04718,177,139,37,0,14,2026-08-15
SKU04719,239,101,27,0,14,2026-08-15
SKU04720,235,88,26,0,14,2026-08-15
SKU04721,286,151,49,0,14,2026-08-15
SKU04722,426,244,70,0,14,2026-08-15
SKU04723,353,156,54,0,14,2026-08-15
SKU04724,190,120,44,0,14,2026-08-15
SKU04726,7465,1624,521,0,14,2026-08-15
SKU04727,125,72,18,0,14,2026-08-15
SKU04728,480,249,101,0,14,2026-08-15
SKU04729,6517,1463,488,0,14,2026-08-15
SKU04731,716,339,122,0,14,2026-08-15
SKU04732,339,309,90,0,14,2026-08-15
SKU04733,315,208,72,0,14,2026-08-15
SKU04734,201,80,31,0,14,2026-08-15
SKU04735,88,59,17,0,14,2026-08-15
SKU04736,402,162,68,0,14,2026-08-15
SKU04737,141,58,12,0,14,2026-08-15
SKU04738,69,48,22,0,14,2026-08-15
SKU04739,105,189,49,0,14,2026-08-15
SKU04740,13,30,11,0,14,2026-08-15
SKU04741,4650,1048,330,0,14,2026-08-15
SKU04742,516,328,112,0,14,2026-08-15
SKU04743,518,281,117,0,14,2026-08-15
SKU04745,192,147,72,0,14,2026-08-15
SKU04746,101,81,37,0,14,2026-08-15
SKU04747,7333,1707,604,0,14,2026-08-15
SKU04748,53,23,7,0,14,2026-08-15
SKU04749,232,129,40,0,14,2026-08-15
SKU04750,128,180,78,0,14,2026-08-15
SKU04751,145,117,55,0,14,2026-08-15
SKU04752,59,60,18,0,14,2026-08-15
SKU04753,4905,1091,352,0,14,2026-08-15
SKU04754,135,94,26,0,14,2026-08-15
SKU04755,217,155,51,0,14,2026-08-15
SKU04756,0,644,202,0,14,2026-08-15
SKU04757,129,88,30,0,14,2026-08-15
SKU04758,123,52,16,0,14,2026-08-15
SKU04759,195,152,52,0,14,2026-08-15
SKU04760,46,57,13,0,14,2026-08-15
SKU04761,161,109,37,0,14,2026-08-15
SKU04762,136,65,22,0,14,2026-08-15
SKU04763,293,171,62,0,14,2026-08-15
SKU04764,198,156,71,0,14,2026-08-15
SKU04765,202,168,39,0,14,2026-08-15
SKU04766,6,69,15,0,14,2026-08-15
SKU04767,350,133,57,0,14,2026-08-15
SKU04768,7103,1556,538,0,14,2026-08-15
SKU04770,179,130,30,0,14,2026-08-15
SKU04771,5701,1350,452,0,14,2026-08-15
SKU04772,123,149,38,0,14,2026-08-15
SKU04773,7,25,9,0,14,2026-08-15
SKU04774,226,195,59,0,14,2026-08-15
SKU04775,525,342,123,0,14,2026-08-15
SKU04776,631,237,80,0,14,2026-08-15
SKU04777,59,137,60,0,14,2026-08-15
SKU04778,101,143,51,0,14,2026-08-15
SKU04779,235,114,49,0,14,2026-08-15
SKU04781,561,217,67,0,14,2026-08-15
SKU04783,175,1179,431,0,14,2026-08-15
SKU04784,207,71,31,0,14,2026-08-15
SKU04785,82,65,19,0,14,2026-08-15
SKU04786,13,68,22,0,14,2026-08-15
SKU04787,566,278,104,0,14,2026-08-15
SKU04788,234,99,29,0,14,2026-08-15
SKU04789,228,96,32,0,14,2026-08-15
SKU04790,37,59,12,0,14,2026-08-15
SKU04791,6763,1525,558,0,14,2026-08-15
SKU04792,522,314,117,0,14,2026-08-15
SKU04794,481,196,92,0,14,2026-08-15
SKU04795,5328,1184,430,0,14,2026-08-15
SKU04796,404,409,142,0,14,2026-08-15
SKU04797,4377,984,349,0,14,2026-08-15
SKU04798,1,33,12,0,14,2026-08-15
SKU04800,20,66,32,0,14,2026-08-15
SKU04801,297,142,51,0,14,2026-08-15
SKU04802,280,132,47,0,14,2026-08-15
SKU04803,309,131,58,0,14,2026-08-15
SKU04804,73,35,16,0,14,2026-08-15
SKU04805,464,212,78,0,14,2026-08-15
SKU04806,106,36,12,0,14,2026-08-15
SKU04807,223,120,53,0,14,2026-08-15
SKU04808,377,213,81,0,14,2026-08-15
SKU04809,231,127,45,0,14,2026-08-15
SKU04810,246,201,64,0,14,2026-08-15
SKU04811,285,259,109,0,14,2026-08-15
SKU04812,72,36,17,0,14,2026-08-15
SKU04814,207,104,38,0,14,2026-08-15
SKU04815,203,125,48,0,14,2026-08-15
SKU04816,58,30,14,0,14,2026-08-15
SKU04817,261,120,51,0,14,2026-08-15
SKU04818,144,70,19,0,14,2026-08-15
SKU04819,59,28,9,0,14,2026-08-15
SKU04820,2,81,17,0,14,2026-08-15
SKU04821,99,202,65,0,14,2026-08-15
SKU04822,81,128,32,0,14,2026-08-15
SKU04823,13,31,7,0,14,2026-08-15
SKU04824,0,954,338,0,14,2026-08-15
SKU04825,36,93,39,0,14,2026-08-15
SKU04826,119,69,20,0,14,2026-08-15
SKU04828,207,183,66,0,14,2026-08-15
SKU04829,286,156,67,0,14,2026-08-15
SKU04830,10,29,14,0,14,2026-08-15
SKU04831,8159,1864,634,0,14,2026-08-15
SKU04832,219,197,61,0,14,2026-08-15
SKU04833,369,230,97,0,14,2026-08-15
SKU04836,329,266,102,0,14,2026-08-15
SKU04837,98,117,48,0,14,2026-08-15
SKU04838,518,253,89,0,14,2026-08-15
SKU04839,35,43,21,0,14,2026-08-15
SKU04840,156,81,20,0,14,2026-08-15
SKU04841,265,158,61,0,14,2026-08-15
SKU04842,89,92,36,0,14,2026-08-15
SKU04843,141,65,30,0,14,2026-08-15
SKU04844,176,141,62,0,14,2026-08-15
SKU04845,360,181,65,0,14,2026-08-15
SKU04846,66,39,13,0,14,2026-08-15
SKU04847,199,1009,358,0,14,2026-08-15
SKU04848,20,21,5,0,14,2026-08-15
SKU04849,6698,1544,529,0,14,2026-08-15
SKU04850,428,217,56,0,14,2026-08-15
SKU04851,44,33,8,0,14,2026-08-15
SKU04852,311,167,51,0,14,2026-08-15
SKU04853,323,145,43,0,14,2026-08-15
SKU04854,5340,1228,391,0,14,2026-08-15
SKU04855,283,143,53,0,14,2026-08-15
SKU04856,6934,1506,548,0,14,2026-08-15
SKU04857,200,72,19,0,14,2026-08-15
SKU04858,217,86,28,0,14,2026-08-15
SKU04859,164,120,36,0,14,2026-08-15
SKU04861,157,78,28,0,14,2026-08-15
SKU04862,335,187,66,0,14,2026-08-15
SKU04864,63,28,14,0,14,2026-08-15
SKU04865,306,289,103,0,14,2026-08-15
SKU04866,308,168,58,0,14,2026-08-15
SKU04867,99,57,15,0,14,2026-08-15
SKU04868,44,23,6,0,14,2026-08-15
SKU04869,96,71,23,0,14,2026-08-15
SKU04871,1,93,29,0,14,2026-08-15
SKU04872,192,168,59,0,14,2026-08-15
SKU04873,49,78,27,0,14,2026-08-15
SKU04874,64,35,10,0,14,2026-08-15
SKU04876,150,184,54,0,14,2026-08-15
SKU04877,108,72,35,0,14,2026-08-15
SKU04878,182,113,46,0,14,2026-08-15
SKU04879,5020,1000,342,0,14,2026-08-15
SKU04880,99,110,25,0,14,2026-08-15
SKU04881,97,105,29,0,14,2026-08-15
SKU04882,157,128,38,0,14,2026-08-15
SKU04883,156,81,31,0,14,2026-08-15
SKU04884,208,93,44,0,14,2026-08-15
SKU04885,427,351,132,0,14,2026-08-15
SKU04886,311,178,59,0,14,2026-08-15
SKU04887,7218,1486,539,0,14,2026-08-15
SKU04888,4630,990,376,0,14,2026-08-15
SKU04889,312,173,73,0,14,2026-08-15
SKU04891,176,100,41,0,14,2026-08-15
SKU04892,288,247,84,0,14,2026-08-15
SKU04893,162,67,25,0,14,2026-08-15
SKU04894,5830,1323,454,0,14,2026-08-15
SKU04895,2,34,8,0,14,2026-08-15
SKU04896,247,197,79,0,14,2026-08-15
SKU04897,26,65,16,0,14,2026-08-15
SKU04899,153,177,53,0,14,2026-08-15
SKU04900,172,223,77,0,14,2026-08-15
SKU04901,6674,1586,583,0,14,2026-08-15
SKU04902,8193,1844,653,0,14,2026-08-15
SKU04903,219,226,70,0,14,2026-08-15
SKU04904,233,119,39,0,14,2026-08-15
SKU04905,7113,1543,536,0,14,2026-08-15
SKU04906,471,237,86,0,14,2026-08-15
SKU04907,247,100,35,0,14,2026-08-15
SKU04908,44,22,6,0,14,2026-08-15
SKU04909,93,50,23,0,14,2026-08-15
SKU04910,17,36,7,0,14,2026-08-15
SKU04911,24,80,21,0,14,2026-08-15
SKU04912,223,124,50,0,14,2026-08-15
SKU04913,140,1091,373,0,14,2026-08-15
SKU04914,124,114,41,0,14,2026-08-15
SKU04916,552,282,104,0,14,2026-08-15
SKU04917,94,148,44,0,14,2026-08-15
SKU04918,198,104,38,0,14,2026-08-15
SKU04919,7085,1595,504,0,14,2026-08-15
SKU04920,394,153,55,0,14,2026-08-15
SKU04922,47,51,21,0,14,2026-08-15
SKU04923,529,260,86,0,14,2026-08-15
SKU04924,69,65,20,0,14,2026-08-15
SKU04925,20,96,33,0,14,2026-08-15
SKU04926,0,1054,356,0,14,2026-08-15
SKU04927,155,97,29,0,14,2026-08-15
SKU04928,34,70,25,0,14,2026-08-15
SKU04929,370,176,58,0,14,2026-08-15
SKU04930,216,73,34,0,14,2026-08-15
SKU04931,30,24,10,0,14,2026-08-15
SKU04932,100,159,45,0,14,2026-08-15
SKU04934,58,27,12,0,14,2026-08-15
SKU04935,156,102,37,0,14,2026-08-15
SKU04936,407,168,71,0,14,2026-08-15
SKU04937,38,27,6,0,14,2026-08-15
SKU04938,123,82,30,0,14,2026-08-15
SKU04939,34,28,13,0,14,2026-08-15
SKU04940,235,146,42,0,14,2026-08-15
SKU04941,5792,1118,380,0,14,2026-08-15
SKU04942,213,86,24,0,14,2026-08-15
SKU04943,342,224,65,0,14,2026-08-15
SKU04944,128,134,45,0,14,2026-08-15
SKU04945,4382,926,320,0,14,2026-08-15
SKU04946,83,59,12,0,14,2026-08-15
SKU04947,413,267,98,0,14,2026-08-15
SKU04948,327,204,66,0,14,2026-08-15
SKU04950,162,199,90,0,14,2026-08-15
SKU04951,8,98,26,0,14,2026-08-15
SKU04952,206,94,31,0,14,2026-08-15
SKU04953,157,274,86,0,14,2026-08-15
SKU04954,333,133,47,0,14,2026-08-15
SKU04955,5526,1276,473,0,14,2026-08-15
SKU04957,64,131,47,0,14,2026-08-15
SKU04958,141,96,43,0,14,2026-08-15
SKU04959,425,154,64,0,14,2026-08-15
SKU04960,106,61,21,0,14,2026-08-15
SKU04961,247,121,31,0,14,2026-08-15
SKU04962,478,316,112,0,14,2026-08-15
SKU04963,91,32,10,0,14,2026-08-15
SKU04964,392,162,73,0,14,2026-08-15
SKU04965,266,123,35,0,14,2026-08-15
SKU04966,112,55,26,0,14,2026-08-15
SKU04967,275,131,57,0,14,2026-08-15
SKU04968,102,114,35,0,14,2026-08-15
SKU04969,48,64,28,0,14,2026-08-15
SKU04970,335,190,64,0,14,2026-08-15
SKU04971,580,208,68,0,14,2026-08-15
SKU04972,407,145,50,0,14,2026-08-15
SKU04973,156,77,22,0,14,2026-08-15
SKU04974,220,105,43,0,14,2026-08-15
SKU04975,10,23,6,0,14,2026-08-15
SKU04977,160,97,32,0,14,2026-08-15
SKU04978,22,96,30,0,14,2026-08-15
SKU04979,76,50,25,0,14,2026-08-15
SKU04980,86,39,13,0,14,2026-08-15
SKU04981,89,44,14,0,14,2026-08-15
SKU04982,92,43,19,0,14,2026-08-15
SKU04983,251,198,76,0,14,2026-08-15
SKU04984,246,150,54,0,14,2026-08-15
SKU04985,476,264,88,0,14,2026-08-15
SKU04986,73,124,46,0,14,2026-08-15
SKU04987,8769,1975,716,0,14,2026-08-15
SKU04988,189,75,25,0,14,2026-08-15
SKU04989,449,228,76,0,14,2026-08-15
SKU04990,130,133,50,0,14,2026-08-15
SKU04991,366,221,97,0,14,2026-08-15
SKU04992,78,45,21,0,14,2026-08-15
SKU04993,39,48,10,0,14,2026-08-15
SKU04994,78,92,41,0,14,2026-08-15
SKU04995,254,104,27,0,14,2026-08-15
SKU04996,5678,1228,453,0,14,2026-08-15
SKU04997,246,171,52,0,14,2026-08-15
SKU04998,115,60,26,0,14,2026-08-15
SKU04999,71,117,47,0,14,2026-08-15
SKU05000,4804,1120,393,0,14,2026-08-15
